ID,R,P,A,CC,VC
31.072907213410353,2.3506732830289434,0,84.54254473118365,9,6
31.058210779029572,2.327076293404138,0,60.819633943405634,7,5
21.48603618602642,3.498377450708623,0,38.146456560413995,5,6
32.476550379387085,2.5028553634779134,0,44.888749518525515,8,6
37.68702558555883,2.0266019226861363,0,57.27363322915315,4,5
36.01096257223476,2.412954758807538,0,56.978584736881125,9,5
35.460088179102534,2.867475395121916,0,83.99899940134608,6,7
20.841137884287686,2.096880647236621,0,49.13301689517739,8,8
34.96790367196279,2.6345096338175495,0,76.08469107309534,5,4
27.445766959218737,2.865561369197597,0,53.60516798874343,6,5
25.539825686395403,2.3201051395288315,0,68.71247253173163,9,8
27.742878425610098,2.920239776298153,0,71.70788472541025,6,5
28.01389449678443,3.185298864943139,0,67.5460117989108,4,4
29.92829684777197,3.434857161807234,0,39.33968391401096,5,6
22.684802361208103,2.874447308195489,0,37.08428165013485,7,5
20.36174612347011,2.129725060031911,0,55.05555231136281,7,7
24.379079869047352,3.5177771989709976,0,75.03438374693033,6,7
22.58402120586311,2.6843719121030767,0,86.54629695298757,8,5
32.38978662012413,2.9065973995706202,0,65.46053887001422,5,4
25.455976195733726,2.3318602171783387,0,75.10095856083427,9,5
27.343376797845252,2.9310030382154966,0,62.44587211197546,6,5
28.297869315966516,3.8835673826339523,0,70.6640993957341,5,4
23.072400518726838,2.0606317951889297,0,63.64886272029815,10,5
37.79285316521988,2.577813659844711,0,87.30473990881072,8,7
23.622954063492397,2.1518886439876823,0,48.493226349124214,7,5
29.66230024979135,2.449317966629845,0,30.815055482258987,7,4
24.722943192639036,2.396929827914832,0,44.89790094752825,8,4
37.56939835081424,3.0073976761270456,0,61.82074457813097,7,4
33.84102102211883,4.873553479763345,0,52.18889668537557,4,4
28.306838285958605,3.334767894848907,0,68.23252397445248,5,6
26.842395766588087,2.3114997633418595,0,33.03073394374348,5,4
32.037223083239496,3.5900903166679847,0,81.49115237434359,4,5
25.288587527794107,3.9387937297752353,0,79.43301135934345,5,5
30.359737820048508,2.2177127789311077,0,74.54992813289013,7,5
35.858927536899834,2.162656075063367,0,32.88610426576156,7,7
25.909401147847028,2.237795490364693,0,32.73658410997338,4,4
29.44991483844239,5.380969149474945,0,46.26141034770653,4,4
37.58956754741074,2.505292878498814,0,63.67721019397409,5,5
23.14448748265802,2.9096073568380887,0,65.87394336230308,7,8
20.38165872562259,2.8201887881735583,0,61.76811039759954,7,6
37.726614948753856,3.097639550157623,0,67.19350734003382,6,4
33.26201590941373,2.1758060725093813,0,87.42729823466158,8,6
27.572963527314894,2.111896099255378,0,81.86111198716783,9,5
23.20937134716026,2.479834178061327,0,39.999475502878525,7,6
35.97338630141404,2.4067865944598767,0,88.8089908737432,9,6
28.709744773193314,5.048233960541808,0,45.82760785972581,4,4
27.138094908292764,2.883116570924523,0,32.866327043530696,6,7
26.205937610432663,2.0422839845713496,0,65.64062184740746,6,4
35.883111897046476,2.134383712666578,0,65.4372500681463,4,5
36.8935363897202,4.4803719389843195,0,42.830658446633635,4,4
37.5524537933446,2.621447071421799,0,79.04626306947961,6,5
24.376059129331885,2.2375470271675946,0,81.09354274951767,7,7
24.915603920803015,2.5306229706299934,0,71.06896130881373,6,6
35.602560944125315,2.260494322207696,0,76.91235770661808,9,4
34.27774495112345,2.306800270967759,0,31.410486760587865,6,7
33.703563495141424,2.6024694509909185,0,34.900165910599725,7,8
23.741988543502806,2.0290757457686373,0,88.44668997755,4,4
30.180113363409298,2.395254592198384,0,37.70000965076836,8,6
37.827258324378505,2.0470152755526683,0,68.00921232134661,5,5
30.94613644937673,2.8844993631800415,0,43.123203894766846,7,6
27.997032994594655,2.4605639320800035,0,59.14300184879909,7,8
36.31783934934684,2.697784929200052,0,48.41567784374824,5,4
26.852199536994874,2.19394652951188,0,30.803724497885362,9,10
36.91528871995724,4.116586798237619,0,88.22195020266294,5,5
27.134706673926726,3.383239982658403,0,51.95839094785654,6,6
33.92432853800728,2.6001246533412568,0,79.82796087098254,6,7
36.46251296651961,4.23504745780163,0,41.916203403287575,5,4
32.24141931832765,2.493169928115006,0,48.4255299388686,7,5
24.954906553467374,2.102309390815321,0,75.82391324738987,8,5
35.79536924280529,3.088792391409901,0,54.31372646727661,5,4
32.90398969989519,2.0584187563591483,0,45.589722766954935,9,9
26.94325762279998,2.4869609949112217,0,41.462650299146425,6,4
33.35248745283701,2.1585715423045144,0,60.30340282892669,9,6
28.47384979548015,2.377803924504287,0,64.07613633580401,8,4
22.93643139769724,3.66975519120198,0,73.00136763654217,5,6
33.30153838387119,2.2662227103050268,0,57.23856064781542,7,7
37.677244988358524,2.089359080043229,0,46.92801601094811,9,6
26.786243594710903,2.350620192859931,0,31.859295073215648,9,8
30.416210080063387,2.4546003593095276,0,65.71701944640583,7,8
27.360230044238882,3.487169915497734,0,87.29684775559245,4,5
30.154099326851092,2.2530903871921977,0,72.0540321959298,8,8
31.186893717695888,3.433726542087366,0,51.18326186485278,6,6
34.798302671960755,2.642668787910574,0,57.46314602219416,6,5
36.575949962519545,2.503917100716912,0,31.103497387436434,4,4
36.003072054570296,3.069237991873453,0,34.77314602869454,6,4
26.772059624166253,4.043727309721881,0,42.30646309143826,4,4
29.15168573382771,2.299221774237357,0,87.71483453107506,9,5
36.149352946350845,3.9857250419751082,0,57.052824232387984,5,4
36.58461297767674,2.9825331958685135,0,81.74718985735052,5,6
37.85141012063756,2.2221987035452324,0,80.0598620390056,9,7
21.631029309429394,2.491120169942339,0,87.98054563411722,7,6
28.97161275830304,3.0650032812038805,0,68.81352468790571,7,4
25.643663431034543,2.948399277221952,0,44.04800210827369,7,5
35.44623959315666,5.101818846911822,0,47.13686370160738,4,4
34.316441387451185,4.943604118574043,0,83.49433499766104,4,4
30.86600878590596,2.2277390207232672,0,40.53319154292441,9,5
32.85871957852452,2.9445865058496334,0,62.80597374191598,7,6
28.80096077779188,2.47786827703447,0,55.83791435467451,6,7
35.183908447171206,2.046644948528829,0,51.638351013075585,7,7
35.4831908153225,2.004938113381419,0,84.63977062972825,10,8
31.220977048408198,3.4622818460026474,0,81.64043181917212,5,5
33.488555392481686,3.1965488303756415,0,72.9365730293017,5,5
22.244466837138983,3.9761727144993717,0,89.56586731679346,5,5
31.83594494505104,2.6078986807952,0,61.71829479572641,8,8
23.372077125579892,2.541649341984723,0,40.81115919882416,7,7
29.68771016548193,2.3038903662710046,0,87.21631293692226,8,4
27.305720434020827,2.1671572163121233,0,89.94572030362283,5,6
20.835031838964134,3.2606672202245903,0,62.25745925695099,4,4
22.089977149563598,4.247730512273881,0,39.463596224055266,5,5
22.685374698870135,3.6699170680081803,0,32.254765947483904,5,6
22.058151290544185,3.249760996437682,0,64.5183322607028,4,4
36.37226091504065,2.698371654543565,0,48.508035989410146,7,6
26.573570467051248,3.1611872729975112,0,61.183481524155056,5,4
34.01618960295118,2.056394645780928,0,34.063078891506514,5,5
29.24280426730432,2.3993412998081185,0,38.6029481253063,8,6
32.02576485379208,2.6797712050098195,0,58.72867039194131,7,6
30.13439974003785,2.3435686944697447,0,84.17741546638206,6,6
28.419655470590897,2.1419434606342005,0,82.75199317716842,10,4
34.36779510559683,2.4099953364377336,0,72.62365286321125,9,6
37.463320534321056,2.3811024964681264,0,72.13293992264768,9,5
21.06898970284562,2.5961994931891756,0,66.63634129304785,6,4
37.0940999647333,3.351219637386177,0,58.8281585082823,4,5
31.670366293313933,2.059320953702129,0,78.39750786104642,10,6
21.59437227365608,3.078551971485653,0,64.99129396740605,7,8
31.583914006718913,2.0816963715499366,0,75.14971095689648,4,4
29.15992175900544,3.3914054907492854,0,42.262180787452166,4,4
35.78272090759053,5.026379284584461,0,71.82539181635732,4,4
37.494744201455916,2.0969262587007713,0,65.67384160763352,7,6
30.38230400690837,2.784706112146324,0,83.31454423306491,6,7
37.34963179575625,3.6241623450852765,0,76.13808590719356,5,4
26.44600741553834,4.07069858771721,0,52.388359322735134,5,5
37.18790768492994,2.460839380713012,0,46.59398525364118,7,5
21.030865623648857,2.335382370016588,0,35.78594526359836,6,6
23.029206329606993,2.487039838671638,0,76.93368172642921,5,4
21.127798783463163,3.047005260671237,0,78.03492645649321,5,5
31.850293140480005,3.1018309300178606,0,78.34357288165982,6,6
32.18992637878616,3.1094826163602853,0,53.23700572488892,6,7
33.14940485246764,3.9294661636062025,0,86.36627867205863,5,5
27.233220971512445,3.921750991703522,0,35.48910949571894,4,4
30.4094286557458,2.4067806591321688,0,52.1136353659658,5,4
35.49975489510466,2.948677838236369,0,50.64271010974752,6,5
35.99252437612104,2.0220326119952894,0,60.661818933120905,5,5
21.457367056406593,4.585502273461754,0,54.61152707379305,4,4
26.51429806535277,4.243400305401586,0,65.24532433340678,4,4
31.23845372119602,2.6594423738352986,0,67.25527083741058,4,4
32.23942805224878,2.1916439848656224,0,69.66522879602257,6,4
24.44947816549682,3.879150708770835,0,57.08706356799854,4,4
21.318595371031194,4.340166450233989,0,31.18605687664441,5,4
33.16884190925468,4.20050542318633,0,30.866768823565216,5,4
21.043512700360374,2.1886441054844363,0,73.68413828310514,7,5
28.942964058339545,2.441905090717298,0,89.28326550839294,6,5
34.86829474685448,2.365383645723394,0,72.0029975710462,8,6
28.78571937224578,3.5370334759132325,0,63.992406327144884,5,4
29.434040485520903,2.9863539795865313,0,44.840981853862694,6,4
29.93387691897744,2.1474691877323755,0,46.65933408540086,10,4
20.47590205800567,2.002757359738903,0,43.55079542707384,5,4
22.87677694338384,2.4119716730664096,0,58.00468901606351,9,5
33.26891980474071,2.684385736525109,0,47.08884669854052,8,8
23.46597685160707,2.121421222524143,0,57.18186602176238,7,6
30.14035187586113,2.107730472402344,0,48.84329510119636,5,5
20.190203296792323,2.510360614778851,0,55.692989163563865,7,5
20.8240791367054,2.307329056527405,0,86.00996708955384,7,7
34.29305548028805,3.4269759378014495,0,81.5865478461557,6,7
32.060555808915936,2.0120941064422304,0,37.11548486496085,8,7
24.20867735708391,2.0178080344801828,0,69.74129008799434,10,10
34.57432393282956,2.375637265407881,0,39.56982615809237,9,6
22.043050349460092,2.2445629273491514,0,33.8350174887778,6,5
30.889109327883666,2.3094627294147103,0,48.56616857276592,9,4
28.69198109618234,2.3002897260116746,0,78.03594242243773,5,5
29.814962790528217,2.713618318434792,0,77.1917307386459,6,4
35.814056597300805,2.2874278127499847,0,67.66408415693986,8,5
22.61619251801013,3.353378533440031,0,61.39620799589048,6,4
26.052615921885558,3.206806289631748,0,36.976277964628565,5,5
22.825875806760784,2.182144504967036,0,44.70540804171891,5,4
23.12208822280465,2.983710142757555,0,86.83013985350428,6,6
26.58435116257236,4.314465424912186,0,69.250997462312,4,4
30.426160131447492,2.0200028905923397,0,52.59958405979699,9,4
36.90079880249017,3.4462758072773934,0,63.66989351409917,5,5
30.71901577118814,4.740293369760758,0,37.615842273872865,4,4
32.316943262714105,2.388656052914368,0,75.02664977032805,9,7
30.523909412979854,2.320948751750101,0,51.90872096293259,6,4
32.67887453954933,2.973354289063765,0,32.63687560161393,6,7
34.61442285150834,2.4618916526552654,0,76.45098147951506,8,7
29.32237740955074,3.011164534896267,0,79.75847221236853,6,4
37.633349197327775,2.7076011355369793,0,48.67435394321862,7,7
36.26533508660089,2.561692518962976,0,32.116448561641505,5,6
28.368489720118433,3.0659609523527815,0,69.09619172080832,5,4
36.1571931597572,5.328259131414361,0,33.04954990852304,4,4
23.932915453005187,2.9270115426992698,0,55.68689498578773,7,4
31.550633221086127,2.9951866990024882,0,81.29348557982573,7,7
32.54477593524865,2.272474205529113,0,32.80904575006572,7,7
23.206750506921544,3.652029070332362,0,62.46629025645298,5,6
36.04290500207718,2.533642621725196,0,89.30043589100134,6,4
36.80930488633747,2.1497627345547743,0,30.234625452967816,7,6
20.598208671727953,2.965514744898642,0,56.23456826878684,6,7
26.780560059219557,4.726464069664743,0,72.6792516311047,4,4
34.521002900747035,2.9477900810500968,0,52.69981452002513,7,5
23.36777709354483,2.752747179588539,0,71.66529967827404,5,5
25.33505241544738,2.209695743874212,0,44.87537742206227,7,8
20.483135538915317,3.853499145005271,0,33.521961348559515,5,5
22.304731873852432,2.1043713802118207,0,73.75024899600228,7,6
21.664402896169047,2.3014107154753924,0,85.33664235602285,8,9
32.69139111814084,3.5198142649984443,0,36.920132566675015,5,4
30.363292707645037,3.1909369499137377,0,64.22075379024807,5,6
29.911205497473755,2.6799013354934313,0,77.24702428453217,4,5
37.229884247770705,2.478897379674083,0,83.0737499258073,7,6
24.7270732153073,2.8717809858489995,0,81.31752378780195,7,5
26.529858797702584,2.9626758285264483,0,50.59389908843616,6,7
31.862397697789717,2.8159276324221967,0,57.18920478568187,7,8
22.96899032384045,2.2499978377823,0,83.36724452653246,7,5
32.223275425146944,2.137536396488908,0,32.255299050754,8,8
28.349285312001086,2.025987647474572,0,37.55164088879476,7,4
36.424473593953394,2.5932698624470847,0,70.33098423568416,8,7
22.724070736498504,2.2300541784599273,0,47.23184827848334,7,7
28.197595201811353,2.0499535290743305,0,38.71080986785613,9,5
28.393799148514365,2.3070520944259094,0,67.81199922781516,8,9
23.161557457292677,2.0066901733433786,0,82.90729340415655,5,5
24.623184544981704,2.3577514082940434,0,59.815504666160564,8,6
34.88613907638386,2.263725531954101,0,82.45581256227537,6,7
26.214974472636534,2.2962379969689364,0,72.99799306831044,6,7
30.817482684524833,2.7450390151349953,0,72.69234359236209,7,7
21.90730108335174,3.6443351251811995,0,79.219004651235,4,4
26.84854331057446,2.1356007598197113,0,50.55322994259537,4,5
25.40039169233928,4.529093065668455,0,49.79487874263588,4,4
26.501964399101865,2.3943407907285623,0,34.37591313162594,6,6
33.925549029192275,3.3452957380352153,0,77.9676747214233,4,5
30.850899817145123,2.341925032284181,0,88.52956365585689,9,8
20.384365938476062,2.690653567446099,0,44.34516980870096,8,7
31.19979151612436,4.093303859211707,0,57.620332353166376,5,5
23.52442089060965,3.2019641035383613,0,48.42315306014271,5,6
30.513356230747718,2.9246218833383675,0,70.8520754205161,6,7
32.10852190483983,3.2576120118403162,0,39.905922917246336,5,4
36.620459095017395,3.662943614792143,0,36.2237547814732,5,4
22.928425349715067,2.0467737331409506,0,62.76413407945701,10,10
29.843989774278974,2.0928687693833306,0,75.26634452153749,7,8
37.45739051426513,3.340337915200132,0,43.96188129667556,6,5
27.40484989373031,2.1643672304486015,0,67.48613598938205,10,6
33.65755630874442,2.082831449045355,0,48.71812891566175,6,7
36.843221407209896,2.234388377967538,0,74.74271922992513,9,5
20.341472851185937,3.5519186260063607,0,81.00477725273905,5,6
27.036275338827735,2.867968878649147,0,59.023600878311996,5,4
35.024691758662094,3.9567637365651316,0,44.837311325194065,5,4
36.52535906069682,2.0028095919242213,0,50.91683731929102,10,9
31.8900627318474,2.6494895631038817,0,31.109953417770903,8,5
24.151898579911634,2.3677724736204055,0,84.96811363804551,8,6
24.529433286794585,2.718274849220668,0,65.2321805095325,5,5
29.27588999495238,2.0674959948241773,0,34.599310077974025,6,7
37.99198705227255,3.126299419439344,0,85.59284788187175,6,4
23.68487509172196,2.125608104801918,0,67.02689781432022,8,4
23.44356491107185,2.406881055108363,0,63.84342041504571,8,6
33.905555181930744,2.225819759983192,0,59.46317612914827,7,6
34.85007760681655,2.400614206534265,0,34.36486757980783,9,6
32.76081552055515,2.3317878375199284,0,65.36075329659651,5,5
24.513850593652844,2.3272059040796917,0,65.98931073720001,8,4
32.872218252124775,2.70006354190129,0,53.84965778404725,5,5
36.93751110744286,2.166380904406807,0,66.50682528104733,10,8
36.104929135913345,2.179399195447045,0,47.62308618223065,6,4
31.309773432629456,2.664286310984325,0,47.281227030119055,5,6
37.06928259381897,2.5170177067021395,0,49.13149323702012,6,7
37.36746041157554,2.256442062384467,0,57.18454670555393,8,9
23.978686248901834,3.520807880005176,0,49.53591332031779,5,6
27.579932671086947,2.3824533332726827,0,85.37306694033393,6,4
23.819665187149837,2.1490892358755445,0,87.05178518781874,8,7
30.486473540561793,2.723036611051903,0,35.86532490304663,7,8
37.46643315782858,2.1779817151430523,0,55.90312912585623,9,8
26.387916161181256,2.0880993635189897,0,88.7335006493667,7,4
30.8117673862846,2.215620888766031,0,80.2719911973586,7,4
20.117469277445448,2.1937069102720645,0,32.89864428070187,6,7
34.57671735679013,3.1222168491583275,0,71.76824745460468,5,6
28.62712310848115,2.136673320538371,0,40.29842572114431,10,6
36.15567630983939,2.333559760968385,0,81.20907898178459,5,5
22.76590630362748,2.8898563673241315,0,34.45468386532048,4,5
22.68119304334157,3.245153365043664,0,48.15067914391737,5,6
22.56085839024764,2.1841264564005916,0,46.64707387979877,9,9
35.440574074037734,2.358087885724797,0,35.395058575100876,8,5
35.40242246466193,3.596462447297834,0,32.54083320335549,6,6
36.609125776311906,3.2569909669562778,0,64.69938795607268,5,6
26.185768498060224,2.8039136306494608,0,85.59188163713083,7,6
37.55190588792915,3.5898970845715343,0,69.02455274481784,6,7
29.43338301438893,2.5266399016815595,0,89.32240027692879,7,7
31.190265935097397,2.528566929825017,0,33.30672240204878,8,9
33.21537827918644,2.344921801647299,0,69.64729049453808,6,5
34.57108246732298,2.691158503701401,0,33.77815276962378,8,4
31.259215920189973,3.3391065265902,0,61.46894566297698,5,6
28.059320317577786,3.049426760667854,0,88.05360295626997,5,6
35.97152442493817,2.006567486167457,0,31.542390957964706,6,6
21.429029557924228,5.307615069142657,0,88.52237434327049,4,4
36.95753970631087,3.445384219958669,0,70.19973548605361,6,4
22.797779854413537,2.846107120442712,0,60.36729493987918,7,4
34.74304963327439,2.685705800976959,0,84.18059692817673,6,6
30.887420150786483,2.1338550819021838,0,58.25416151922389,5,5
29.360545984677834,2.0554599983751056,0,70.35367783423348,10,6
23.388234184818444,2.1575474213169326,0,45.356034379413146,9,8
24.56517173570952,4.930955368968922,0,42.172897802310885,4,4
36.77689575723268,2.3540564916267384,0,59.15552273166624,9,5
37.16364245105396,3.3103915588309607,0,35.4817770721663,4,4
20.65668689924583,3.832738843782888,0,54.54606153338041,5,5
34.82204488850834,2.587368182677384,0,45.13714954869268,7,7
23.196633629826746,2.3244772060379986,0,56.40384012311394,8,7
28.107582386391883,2.3940614617614244,0,80.27833576219896,6,7
21.303494046083262,3.427444532103335,0,67.77931664447496,5,6
37.463892472438886,3.184433638503269,0,51.84606983448799,6,7
31.529866997978537,3.344421128900457,0,75.76450015281506,6,5
31.193964691245313,2.0673305289346953,0,77.63398973414436,9,4
22.50283951031987,2.06855143081597,0,70.71969733016022,9,9
22.49164089335324,2.4192219069476923,0,44.57327339952518,4,5
32.36554883473541,2.335339848091363,0,74.81545954676503,8,6
32.60352717430816,2.214393316791797,0,38.963886327419345,4,4
24.086920668839333,2.2293647386096067,0,54.51506267696591,7,8
28.99326705689182,4.335654918811066,0,76.92632534479998,4,4
24.140731837264077,2.2930930250364954,0,80.42366776920414,8,8
24.934997083284095,2.6558992244140964,0,87.10670050335347,8,6
31.22775327189646,2.1664906851913517,0,35.429383785593714,6,6
33.675523064492126,2.5419941004519844,0,61.68494098308527,8,8
28.13092604183337,4.838535689267427,0,83.03680355176648,4,4
26.725741051805684,2.597296972974564,0,37.022367226871665,7,8
25.267992249044678,2.198293552824165,0,45.547900467540764,9,10
22.327478262870937,2.899031551408352,0,58.832911292483615,7,4
21.230271211932582,2.1118271455927364,0,84.38433364468301,8,7
26.731124328339533,3.331157460728412,0,83.64259249749965,6,6
25.20628322675941,2.7551896162870833,0,63.57982523729186,6,5
24.404744516559838,4.228116093014908,0,77.37728130824425,4,4
21.731624842440475,3.156294271293997,0,70.99458875823791,4,5
20.9428744440768,3.1170224525577073,0,86.22095487683863,6,5
20.752174128603464,3.0526332237427196,0,32.694760801692276,4,5
37.68041501980662,2.204664811268735,0,87.34989720133916,5,5
37.81773795159535,3.999333037064753,0,55.772166254677096,5,4
32.165180889167075,3.412872302797277,0,44.72770134803177,4,4
21.37058544866212,2.3737838972366188,0,49.684115233614484,6,6
21.616199405008587,2.086999855959764,0,87.09282073033052,7,6
24.29045647416228,2.011651239215511,0,86.96263057228543,9,4
20.782351170406557,2.016391571184296,0,41.34907192621071,7,7
34.18614733848589,5.093721514368735,0,34.49811531254032,4,4
26.13161111753268,2.410694711481951,0,69.95709825643468,9,5
32.497467938000085,3.464203247551496,0,86.75513829355734,5,6
31.97020093461733,2.274815181085846,0,77.23456924368013,7,7
24.660956237348696,2.594101415494172,0,59.888184003948865,8,9
27.214474683669394,2.758976379724646,0,80.71465690255214,7,7
29.282416897195972,3.7157876045616707,0,47.808159392464674,5,4
32.521260566263166,2.4778211239431416,0,48.273869314478894,8,4
32.77967308674575,2.1459891536186677,0,51.589126126110045,9,8
37.49145070514953,2.100813948193854,0,87.15131767214585,7,7
27.192579612765194,2.79997994319464,0,82.73366408907216,6,6
37.6709941801159,3.936913954155508,0,38.89761530252164,5,4
37.45841015417585,2.631473550987459,0,33.55513061927915,6,4
29.49345563602781,2.880822541681821,0,47.628984996467295,6,5
33.53468774291345,3.057118943305568,0,75.16072552234783,4,5
25.463682826220616,2.600267364434007,0,32.33691431129678,7,8
21.94852268734515,5.163487744006339,0,56.134658358438465,4,4
30.859922080110685,3.1845125065625317,0,61.03961448682203,5,5
25.482146204691105,2.329399604412751,0,89.07256554968637,9,9
29.3554710864928,2.2773714957819973,0,50.19734666415518,9,9
32.39002407372618,3.538326536120027,0,81.8873807196865,4,4
28.755035590758297,4.3305364909766295,0,79.29408079408125,4,4
25.06795270758596,2.49444672810391,0,77.16836042743836,7,6
21.674981905035516,2.8159758599627622,0,82.43426328732195,7,4
37.80378464863621,3.60994420861477,0,39.58977182766645,6,4
31.796330013825433,2.076763356812091,0,40.40247869089771,7,6
25.52767843116286,2.6759469375152904,0,58.48081635604298,5,5
30.623181822195743,2.067799147664394,0,43.70792587075362,5,6
34.22181370172681,2.827478047003411,0,66.33802226864452,5,5
34.38782710307461,2.3061018225216348,0,43.79870668139661,8,6
27.428993937413797,2.5588081232707505,0,50.86216225670364,5,5
32.43533819549849,3.4417164446847397,0,57.40429831022291,5,5
20.608881605163514,2.4079291101910774,0,44.48847678566883,9,4
36.03773018240844,4.452873622602712,0,59.43190828766034,4,4
35.29237647284811,2.2473528641304426,0,59.07575899003683,7,5
25.648346542637135,2.1828825245927814,0,35.16493990570123,8,6
30.089464170753324,2.354801218018101,0,44.197282841221934,9,7
21.31568182312165,2.6897158041020246,0,78.52151361058503,4,5
36.854269855695804,2.594549747126969,0,52.232388654074875,7,4
31.148805262886313,2.6428223108857907,0,60.99672834810422,5,4
26.528351791471458,2.7179307782012123,0,36.64465879778761,8,5
28.4248559985721,2.3968573132721844,0,54.92640586512738,4,5
34.251054627080336,2.028198163968509,0,80.4912258153051,10,9
36.576383724426606,2.456426500377423,0,56.24270437429223,7,5
21.306553243477122,2.2044191549085186,0,76.54895409762025,9,8
36.8328900920982,2.952142950811304,0,33.28096146406904,6,4
20.688813131261266,3.099106367029947,0,76.72268122358199,7,4
35.806368440161755,3.8637690604678414,0,30.875435825790813,4,4
25.788609519941012,2.221431424991204,0,88.64396796468085,7,6
32.452267836061495,3.2298927732044027,0,41.11999621834453,6,7
29.33234961896137,2.4436541513478587,0,70.87472242663725,8,4
26.3960486261474,2.773600551617468,0,46.70154807332121,6,6
33.58173776700077,2.8892927504405717,0,33.51411680574504,7,5
28.91396599212103,2.4279646489864515,0,32.434022195875414,6,4
36.99308815753012,2.1064502243935785,0,33.38768582287756,10,9
21.4350346100545,3.5759830681920883,0,35.38247601621358,6,5
31.573186794294934,4.587097685730274,0,33.175469411442556,4,4
27.699502201385656,2.082945738821111,0,60.65075222050977,10,8
36.414239714396615,2.453006544576993,0,38.76888783968024,8,4
33.740197715868376,4.7063545278442405,0,60.22821868122084,4,4
20.153111303439278,2.2636111068845803,0,44.4009047595863,5,5
21.744269619935373,3.8110740472702505,0,53.253955263608965,5,4
26.619161279875822,3.0964347741298743,0,82.02327343584258,5,5
26.142282208535885,2.3860155769725666,0,87.82394190025784,9,6
37.61295948841129,2.038678854064824,0,46.42630563726034,10,4
25.975283449544943,2.0722111937564933,0,70.53236207534475,7,4
26.657392898445956,3.2135893529148465,0,44.951238996471346,6,7
21.731144865748615,4.472782929146318,0,39.36294570260043,4,4
28.70998036126729,2.567028933208037,0,68.95145856048079,7,6
22.24889421983455,2.7966873386959334,0,47.085331342823935,7,4
29.044238901836344,3.191164039490947,0,31.8555563733672,6,5
21.05823810266936,2.8368306167886583,0,48.47448264491486,6,4
25.245281338303123,2.1372350759900764,0,51.471734502413526,8,4
29.12589905198105,2.499258633187678,0,82.61616112938741,6,5
25.61136556336624,3.302489312129155,0,40.28750698714019,6,7
25.075739702276405,2.458536906508201,0,88.43048283291625,5,4
37.947795068362566,2.9525867304167006,0,79.68692760583012,7,4
29.634226984553848,2.278091062964468,0,84.41850361414146,8,5
24.508858071820256,3.023226878281325,0,37.487239260558894,5,5
27.775190072538315,2.650451256722016,0,52.83294288747935,7,7
30.142497655437516,2.7140317743436997,0,86.67465307760494,8,5
31.542656383477222,2.3955054046636546,0,82.83517622845662,6,7
29.2023265171033,2.312398187537911,0,67.78868217039633,6,6
29.791688624183493,3.27979112399093,0,66.79623563906642,5,5
26.52244471849191,2.671225748387854,0,64.93633097381779,8,4
29.236639705617407,2.2905514999916403,0,40.605238788552825,6,7
23.747875540535322,2.065095500320714,0,59.38779511281851,9,9
26.267756116627766,2.0995300346972643,0,50.52663196785909,7,6
35.485210565889844,2.5744551871627985,0,51.396484285494694,8,9
30.92491832029913,2.2867315280427096,0,62.26586597044056,9,10
30.339360906540122,2.076184337039454,0,41.205977763329535,7,6
24.971091936079688,3.9806983143057346,0,58.61271046970137,5,4
34.60698723553387,3.0674789219692533,0,48.85239520034294,7,4
23.446581304701926,2.601276850918908,0,71.61272072330681,8,6
25.491022662995526,2.358561370339706,0,86.14692649803817,7,6
28.00823363231134,3.234985413513314,0,50.451328424137785,6,4
23.341735956556096,2.2375278356905692,0,56.40308981329002,9,7
32.9719961059077,2.5691244468771113,0,50.17516627915312,7,7
23.559393157201693,2.2771118308415463,0,55.63378572073509,8,5
27.448806643429595,2.1692350745488125,0,53.275652578919605,5,4
28.037686483435486,2.7075209614627997,0,77.83573369818492,4,4
31.236369375019745,2.1741716971824903,0,38.031812841843596,9,10
30.54069825615523,2.655125054430175,0,44.02401226734755,4,4
24.766600080878998,2.647991453412732,0,78.93400185436073,8,8
33.03177064383813,2.3466123986060703,0,83.26060860180657,7,5
26.530993220812913,2.01062943856971,0,65.22213152474237,8,7
27.100789254751433,3.2606872951842103,0,38.23938295978442,5,6
35.46034945653021,2.0670001242223632,0,86.69367692795319,9,7
26.134314787493796,2.8475535422034204,0,61.78254120642268,5,6
28.26890121404943,2.1150669144868517,0,71.53962720340127,9,10
30.639898929017058,2.3381665993439618,0,49.11619062338457,7,6
29.005611100227668,5.016089459272239,0,46.72879071048125,4,4
36.5117745669491,3.1889025375832407,0,63.056458723951195,5,6
32.0030533175221,2.0245595511886094,0,54.25254795248657,7,6
32.64195029222212,2.207969639038961,0,59.70438887711224,6,4
27.870913787859976,2.6106846732182776,0,40.69100298023161,8,6
26.977704226324185,2.097535269966239,0,86.6348806516312,9,6
21.51434258374557,2.0845927834671296,0,39.97418393764666,8,9
24.979900629317875,3.6184685709105944,0,83.55681264141435,5,5
30.894256068093327,3.2451341182385347,0,30.57012100777681,5,6
20.24213474004946,2.7599785431924237,0,77.01873242681974,6,7
33.87310427249733,2.5430336522614834,0,89.28644393378617,8,5
34.882181548700466,2.6331348118819586,0,39.50645356021045,8,9
34.41284515890174,2.469510010958953,0,60.845762717186794,8,7
25.606963033418914,2.4377934972292676,0,62.704937535466556,6,7
22.47025958321134,2.2546094539314394,0,84.15405996100338,4,5
22.430255999777444,2.474424630220203,0,50.943917103183125,6,7
35.496275709726746,3.540660551005143,0,63.77953890920149,4,5
29.409289466488488,2.6125252744957104,0,34.34937798763214,5,5
33.71072682803083,2.170987877207451,0,58.28848007535261,9,10
20.168207610987366,3.511370705009709,0,31.89337689884635,6,6
27.41521730524926,2.3140446793644363,0,88.77429176930113,7,4
31.836137750451194,2.1612776271491843,0,39.3540868584474,7,6
29.486641453364438,2.4900906749987306,0,74.67653525494288,7,7
23.54770652471425,2.284388825102301,0,49.71023815300676,9,9
31.32565416112384,2.598562528064933,0,53.63491077542883,8,5
27.58209632507549,2.2563172421268822,0,42.75282773999926,6,4
34.73285101486566,4.840722879007043,0,65.21955974862166,4,4
31.373122441630958,2.4308168359673137,0,76.28789809639193,6,4
31.898751411837367,2.2626567927575563,0,81.57100934355515,4,4
36.852130504761135,4.0897843874252136,0,52.3883920193787,4,4
31.859320350635684,3.8302166041696304,0,44.713052324248345,5,4
37.46443577352069,2.372028731111336,0,89.7395438406485,8,4
27.185188097647806,3.7128249663211177,0,78.1068341308138,5,5
23.861152930313136,2.0947563772318176,0,88.80342980878054,9,6
24.052022324011723,3.0338272726400075,0,72.89366478713978,6,7
36.44884118417374,2.606007068935367,0,79.02805233331212,8,5
31.42422044049225,2.6347508795067616,0,75.92827898484914,8,4
21.927620026384577,2.219322449479847,0,64.656177653034,7,5
32.74941081337537,2.2351578655460633,0,58.581693742791806,8,7
28.80218358591054,4.376995454583551,0,73.8651084519521,4,4
33.53028549439919,3.0115961695924476,0,33.69239478036457,5,6
34.91811726999525,2.4433108712093343,0,31.554917124930263,8,6
34.140287275432634,2.3023838470856743,0,43.74347395649596,6,7
37.43408771172993,2.0330157518461083,0,66.27847607285149,8,9
24.971839978216018,2.7910606589518783,0,33.79825983381635,6,4
35.55998988710587,2.764291371806633,0,64.0508976790349,7,4
24.760677987118243,3.476894831027861,0,87.39295366766295,4,4
32.87707751803534,2.522546753505649,0,43.19585730346023,8,4
26.56972207664156,3.877811527191186,0,84.31146896215138,4,4
24.94463683059594,2.3892252743811824,0,38.72589870899939,8,7
30.537893944056492,3.504794173353563,0,34.81505450522699,5,6
28.07529260642341,3.04419087707268,0,47.29555301111664,7,6
26.139958317053164,2.3251082994472094,0,57.84108123899058,6,5
25.54070557774751,3.1113622442932343,0,34.97639539509962,4,4
20.124438307763416,2.5999313918174165,0,86.85293275467271,5,5
34.48858280965791,2.2519342537787943,0,35.78518151619048,6,6
24.149707956388404,2.0373083776411214,0,82.57942715874039,5,4
29.559293258460098,2.971712808354476,0,69.27411829683376,7,8
27.5537946056252,3.4025301055235335,0,49.603970972187156,5,4
36.989425512172346,2.196072608582442,0,65.43409750675848,4,5
20.044293697455178,2.4286535783546945,0,35.46790500993493,8,9
23.881816234624388,4.0757699021572105,0,41.72673274980284,5,5
35.61853729230995,2.056500098625039,0,58.528797689455075,9,5
37.87586848344061,2.2852845141684153,0,88.41585627351199,4,5
28.22160043452123,4.344027598580841,0,35.417084049232855,5,5
30.81587711786326,2.1579713779989502,0,67.3441055901012,9,6
37.99804626046979,2.5945248314478264,0,55.35176854848953,7,4
32.055907927309335,2.0311872556953334,0,74.78984667087772,10,9
35.56305283681709,2.4516956205469116,0,89.20992427632291,8,9
26.051679167234724,2.5336137284348075,0,50.22776357681871,8,6
20.9312238073213,3.0755217925631824,0,89.76880224159828,7,8
28.195890300191202,3.894967532501698,0,74.63170073854252,4,4
28.884911730573037,2.21248669942833,0,74.96927816057911,5,6
32.193347491865396,2.0094322641808686,0,79.94669738269599,8,8
22.506197557985708,3.491224899422728,0,57.05493366626998,5,4
35.03708691945184,2.7280837694648987,0,52.853559494863795,4,4
21.09290892828011,2.087311011263603,0,67.27886496696968,6,7
29.16222572627788,4.402951955124115,0,30.942661633045756,4,4
28.846219096040922,3.3766278991837884,0,84.81828903814755,6,4
31.819376983689146,3.8877144259479666,0,80.32791586533165,5,5
24.712099775777197,5.0136913281542395,0,69.65344211110661,4,4
33.0108478126312,2.937238000528181,0,59.458071928833995,4,5
24.15331169803184,2.121560156951213,0,59.11605408155857,4,5
23.317448531360682,2.0267368048708128,0,36.5630849915172,7,4
26.56070445037022,2.136830660842325,0,81.51024662146614,8,6
23.075300315554266,2.2018970116879846,0,81.0644582130848,9,7
35.99481825830942,2.250786966471027,0,76.46773252418242,9,10
20.1836052424961,2.482998608954385,0,48.19511363368668,4,5
28.6096150168643,2.9099632389378303,0,80.1835311980384,6,6
33.839015491675916,2.203572025101785,0,83.63780835150212,5,5
35.85246972615268,3.537208634385223,0,60.17283160239444,4,5
20.91422898974323,2.422197831185175,0,78.61828761281095,7,6
28.819459784899614,2.860078709348093,0,63.101828880448984,7,4
22.981841539013946,3.513501581167559,0,48.01278230652106,4,4
36.86126877747249,3.6867498506130953,0,39.07372927824545,4,4
34.96517946777642,2.0133351207672305,0,33.69188381395343,10,6
30.63845335842221,2.17550811704272,0,73.3431531014628,6,7
36.35797096285648,3.2085842503948667,0,83.06256186827667,4,5
34.47509902405619,2.872911158739138,0,30.21670603334798,6,5
31.065544309186137,2.342904604552846,0,35.03020996976704,9,6
23.412429696069793,2.9472480613067784,0,39.54362431784195,5,4
27.170732519217303,2.5989553462267816,0,56.87115407251491,7,7
34.2629111437689,2.21923895994245,0,60.54883629742078,5,5
33.19797461509522,2.568157475399354,0,43.45956750274058,7,5
23.3556306532522,4.303066866994648,0,68.55780651902367,5,5
29.33243246733155,2.7213036327812286,0,47.10055164921185,6,7
36.235781192527554,3.4864634587775436,0,59.47746666042029,6,6
34.606439575930494,2.05956790702935,0,53.37365891528281,9,8
33.93371841652454,3.068731867297481,0,31.500425185806254,5,6
28.015179633913057,2.1290964275386273,0,59.2583876730412,9,5
26.90368710167234,2.313862474282374,0,83.13215883520476,5,5
28.05128971215345,2.996384422672906,0,49.28807563233359,5,5
27.374454101448816,2.1659528373543493,0,50.513559231059034,4,4
31.970193836366263,3.244627566851779,0,66.53311077644162,4,4
22.104140930798547,3.106252989614427,0,86.31439242542746,6,5
27.423340434368406,2.1166072308004766,0,34.305288321958336,10,10
34.238813261159336,2.0120849550740685,0,82.60227525496182,4,5
23.973098477592433,2.3508478583271124,0,46.69656073157908,8,8
36.96152337295407,3.047396955218429,0,47.45102126382562,5,5
35.392064711381856,2.3249519729300236,0,83.67648286684687,8,4
28.261077902078274,2.3488581285625507,0,68.06480809820766,7,4
22.45029913526538,2.24573546721008,0,82.91780415935682,8,4
30.108855500516867,2.2927216994429793,0,72.40684053098937,9,6
31.49674900857054,2.8259821051161578,0,54.375203028679124,7,8
25.905823425431755,2.38384733520036,0,41.29567961419453,9,8
20.3579332521804,3.465527593301778,0,40.86137495568987,6,4
22.93371682441812,2.471810520777888,0,30.99957392138493,7,8
25.759125121374222,2.7078163546834215,0,76.6225295165001,8,4
20.37419582521766,2.9743404059462386,0,45.38329165454988,7,4
31.593193043469526,2.3374869038742996,0,39.11892930631347,5,4
27.137837417054666,2.0732813893718163,0,43.660372135509945,9,8
37.46393734588749,2.6477556600678325,0,63.85443543277931,4,4
30.17784975522785,2.954814253779218,0,66.11896537214713,7,6
21.300594906216666,2.8864692595444796,0,64.42111818815471,7,8
24.35716787042145,3.2567806609541323,0,64.73589340149795,5,5
22.938208233828604,2.9351620003982077,0,80.65346113323729,5,5
36.13337911047796,2.79531166292484,0,87.52684437958207,7,4
20.217614615442667,3.3145985492527226,0,55.543192562344515,6,4
21.920871876496307,2.7788534048811506,0,61.51048825496093,5,4
22.998338660124425,4.289512814643357,0,78.70709241901227,4,4
22.42233224448254,3.5766027591900835,0,72.78311306717644,6,6
21.10849451055707,2.8907841846252773,0,79.89472331490845,4,5
31.47117661280531,3.5632783832532717,0,85.10664165505199,5,4
30.19236128680097,2.640778019392293,0,81.6568058409359,8,6
21.818207445614465,3.8289768556011925,0,34.680171676114234,5,5
35.07596389028592,2.369415492074549,0,82.95676288334187,5,4
21.624316108804663,2.7830490766342537,0,84.38968368238355,6,6
27.18981355348233,4.835540532792999,0,85.87855940843369,4,4
24.952706608094182,2.523338932345811,0,65.38908261494663,8,7
22.857635507854337,2.102197838348203,0,64.78067717537951,10,4
36.95638468421995,3.0547862005873623,0,67.827142840649,5,5
35.410905683094995,2.1828982949026767,0,51.901903683818986,9,6
28.49583149405592,2.19579309880727,0,84.66058469338894,7,8
25.910646697590867,3.3707046933159903,0,59.419619779123295,5,6
23.95632620435474,2.050748571957466,0,30.43357613489675,7,8
36.96491514725459,4.2810394048355676,0,32.22640483159216,5,4
35.36565448486073,2.165963642140727,0,72.0577308120144,9,6
24.552518373189415,2.7155946773981783,0,87.38278913997016,8,6
29.533396708494646,3.0054451513820757,0,54.23536756922909,6,5
28.063363099833552,2.599154449346946,0,32.99058705433222,8,7
37.76868946192001,3.8229095936737982,0,80.73577493051732,5,5
34.928411176647806,2.656983512936163,0,36.97145716764217,6,5
37.716215754090555,2.5666927349651756,0,79.78441313306071,7,7
28.575735485733112,2.123668882329864,0,85.753948418236,10,6
24.92358878500429,2.0382847587402715,0,58.83583652414116,10,8
34.820553774728204,2.248161928506571,0,67.38969409976542,9,6
34.49429543546701,2.48335212566953,0,86.94486979494712,6,6
23.85254395298518,3.7191898168411206,0,86.2337616943711,5,5
34.13920920536185,2.0211418661424987,0,32.168818430128944,9,10
23.009580241517043,2.898086415413564,0,45.37342440032542,4,4
29.50785264152157,2.3986394529389647,0,50.03142583602716,9,7
21.49803200928831,2.9149657520507644,0,59.832669273087106,7,7
23.993822576280582,2.912523023409679,0,35.03842913397828,7,4
37.401129924061365,2.1204867423440343,0,37.78849126888023,9,8
30.83897257053384,2.3175366969060804,0,62.32297314277392,4,4
25.854110983717774,4.531077718733338,0,50.63065069393649,4,4
30.23134069053212,4.05198027089269,0,45.63802791661825,5,5
31.898696324412114,2.105199530981028,0,42.61079736869963,8,7
27.796943342304413,3.03400487798006,0,48.829045868281156,7,8
35.89487797692124,2.007936107768207,0,60.47836413086825,10,5
27.046981828023434,2.386015174651888,0,69.93771549942767,6,5
23.883967700081595,3.095135711210586,0,80.16043238018929,5,5
33.83053986332642,3.3399314733131673,0,75.92908371926073,4,5
31.425890651494818,5.056005020714281,0,66.82774192034647,4,4
36.93092358048615,2.5106300604074656,0,79.98366738655508,8,4
26.823675019517292,3.0533312019158023,0,61.70357391437551,4,4
35.06194362133814,3.2603354789864243,0,52.71315994043211,4,5
34.67028961157987,3.6768747094999448,0,82.26783821306005,5,5
36.46096292587943,2.540933637204517,0,31.52053648678919,7,7
31.406930560980598,2.0593834117347294,0,40.41837663995522,6,5
21.78316950768019,2.8165775071404893,0,61.456272380896394,5,5
22.323860194707052,4.135950587778776,0,41.18053546011694,5,5
22.0133900945064,2.3741800332529674,0,78.22027120939978,7,5
25.684610381419837,3.2559050539837537,0,70.46153894787531,6,7
36.04642221285892,3.4806721198145816,0,72.57879358195257,5,6
21.79866306284542,2.066103328013272,0,41.59792532735984,9,10
29.721987326085955,2.829886358994154,0,38.87492024064471,6,6
31.327748213161215,3.6584664616550553,0,66.17522921493057,5,5
27.912002925263458,2.5977349115750825,0,34.08192365127887,5,5
20.638616085410547,2.124729737551688,0,51.89406125898314,10,10
21.807728682361464,3.0367261539466894,0,53.40481295692118,7,5
25.1635605226097,5.166138025545308,0,35.85944434216672,4,4
29.10450567832848,2.0895138042274577,0,33.719534388952134,9,8
27.967903507261475,2.4245762166036293,0,49.961071713456946,6,5
22.93273750452161,2.1904801599615547,0,36.822487541737544,4,4
29.565619451742876,3.639519433740259,0,70.35272352281004,4,4
26.201029988981784,2.367750679746668,0,79.61331769584724,8,8
32.756876931750085,2.0388336683187207,0,34.83401153074206,4,5
22.19413814283978,4.053675208781868,0,71.65318569763696,5,4
22.011451908212823,2.765487279863879,0,31.148030959428752,6,6
29.32739365810354,2.4996965120839416,0,44.44442985836473,7,6
28.04282501608712,2.4054923717659,0,69.49157973249328,6,4
28.92362308979208,2.0274093133161415,0,77.79277350145485,9,7
25.869376067189876,2.527444162966314,0,58.19314855144093,6,4
31.998362565092997,2.2378443525362544,0,45.66824093887274,8,8
34.919187073458026,2.2513211963248714,0,45.1147510405329,6,5
36.85804272110201,3.3882333790025863,0,40.59756365377483,6,7
24.747629795981368,3.1332072075546424,0,80.64672836941482,4,5
25.258421778410835,2.0009893325349912,0,39.01785900191122,9,7
20.63079782357846,3.1074194139134246,0,33.117309413753624,7,8
20.558017454498692,3.4316358758390093,0,63.289726534317076,6,7
31.468395098462608,3.396107221000259,0,66.7713916564749,6,7
35.727368025228756,4.910908124959135,0,73.89632914472878,4,4
37.716349460221494,2.1723553553529458,0,87.98550083881031,10,9
30.67600821165643,2.016724614301846,0,57.183761895246136,7,6
27.76766035490897,2.32343604084282,0,62.48178232262493,7,5
34.20739005439859,2.429872215969839,0,62.86117383198324,8,4
24.699947996412615,3.923290386997337,0,79.34289292786305,5,4
26.250104011407263,2.626189781607576,0,83.11091933683217,7,7
21.47604621162037,2.483079667352014,0,57.90398257910427,8,5
37.13681595012757,3.369275480752658,0,61.19135765647554,5,6
30.386081990880342,3.0658732627163037,0,67.18095313959004,7,8
36.1563917270436,2.307285474858768,0,59.32235459881936,8,6
30.49751052249254,2.752360516604428,0,46.830715724417374,6,5
31.875950053885198,2.5381762717317553,0,71.24542642556386,8,7
36.70190276706966,3.442468457704239,0,41.80767473691156,5,4
25.624619086135993,2.310376974185966,0,46.497342679793334,8,8
22.905879297458064,2.032473752654008,0,73.99193001407339,8,5
24.072713145457094,2.3400098311865283,0,53.16206650454512,7,7
37.967867319600046,2.357635322207489,0,70.51470093654801,6,7
33.81175974493567,2.3990204940694926,0,74.26208399430541,8,6
36.58685893059362,2.012480664074912,0,67.25010544241076,7,5
35.215987978266924,2.8489557604641873,0,79.41029620028357,7,4
21.309492804729267,2.200032703962324,0,41.05539231346614,8,4
25.222071139001805,3.0800321121192127,0,58.277635597442206,5,4
30.397245730479234,2.208533520617952,0,63.5483926923958,9,10
24.112902445754592,2.460340238602141,0,84.58647292249375,7,7
37.97425465530844,2.7664226228962643,0,65.49799865777389,5,5
33.5963620560771,2.2456257695135613,0,46.97241053514816,6,4
24.385696931018803,2.1147904157240287,0,35.130215952919514,10,6
26.218048868299718,2.4183067748410667,0,70.21022841560661,9,10
36.37338790312821,3.3917750236306468,0,73.84796771231731,6,7
20.516277803826927,2.6767204273519942,0,31.10864322371327,5,6
32.19769901405101,2.644597412878792,0,85.34084184691429,8,7
31.17715898069369,2.392134074403924,0,36.89279449956561,6,6
33.86066775154109,2.663568377339468,0,75.64926865281433,5,5
22.212738297303265,2.059273792311707,0,83.36237720730836,7,5
21.12512723238092,3.0835858134514953,0,83.40746584283792,4,5
22.470658311874416,2.1505754956876992,0,39.97954418166394,10,5
29.645034486990994,3.2476221085303414,0,44.37897097608492,5,5
35.718397321499396,2.5269506165241267,0,67.27296571908866,7,7
30.53230208301886,2.6994459529777,0,71.32802537782473,7,7
32.94746611165125,2.2740999591077666,0,50.25956960271907,8,8
27.754049739341816,2.882833188072565,0,55.055828779541855,7,4
25.820267791510144,3.400914634728215,0,54.60038172636058,4,5
23.418317323173863,2.7096359342821934,0,82.23388998850842,7,8
36.507707045313566,2.189503852799958,0,84.72072583774082,6,6
36.75445250868303,2.8899643038939287,0,81.73127142494167,5,5
27.05670737234685,2.5184484471526023,0,70.62360880166193,4,4
20.041913461444228,2.416149321620751,0,54.1634924334985,9,4
32.68732753119736,2.217088187220096,0,49.64504552059847,6,4
37.537670971093846,3.0277768410675154,0,89.19759288010464,7,7
21.546622441597464,4.133901467918607,0,65.31631055211662,4,4
36.26252032673936,3.0730491289630995,0,59.80669282390382,7,5
22.64721246165386,3.0400694154968724,0,60.283526867005335,6,5
23.155951267723694,2.077000179028747,0,61.295406426796944,6,6
33.0809594552846,2.03819064832849,0,37.77860159309992,5,6
24.24113719353693,2.6028032488246353,0,62.18819045910941,5,5
24.48676922132927,3.9267078423600434,0,32.033912157672404,5,4
25.11777237488257,2.1220306951679593,0,31.355433666682934,7,5
34.98734140648217,2.284201193929244,0,77.82845132285716,6,4
24.479324647121604,2.8620172876188215,0,41.4465575343507,7,4
30.77805554134755,2.3811694590251538,0,78.45672123487194,9,8
26.17129025025712,2.362911855710679,0,66.37478617349649,7,6
22.88348140566645,2.8953930651041406,0,58.43130957435406,5,5
20.712503384504302,2.4760753280562726,0,73.97516281372856,6,5
31.369189091007698,3.5320592649534106,0,65.29412593209062,6,7
31.918129902409355,2.632227144383456,0,50.62570227017362,7,7
28.179983003542368,2.2479834996906103,0,46.56515764611643,5,6
28.43903770859545,2.875059697177913,0,87.1096445769843,4,5
32.61021707367214,3.337072671198923,0,52.72035756923926,4,4
27.797984494091924,2.4216562992731236,0,88.36637129674037,8,4
22.797515869398232,3.00674475119959,0,47.85256336587605,6,5
24.490715689100046,2.4659418658653944,0,57.76941197391453,6,5
23.12563051771386,3.961333870446895,0,63.33397716720836,5,5
27.44103401244351,2.5471458037556873,0,35.949108658022496,8,9
37.46091529129542,2.014525298807391,0,37.07554022184418,9,10
35.7968252698362,2.2254401138295536,0,74.3729323825718,9,8
36.51014024926108,4.166909510248923,0,78.32655741067407,5,5
25.05262189278676,2.0033258165816257,0,66.45729597183328,5,6
30.90810913887448,2.9001879643916233,0,82.04809558275278,4,5
21.45416597344034,2.2022228046565724,0,43.26396435083739,8,9
33.08103572494963,2.456053911996878,0,83.97008091876305,7,7
21.01812350340441,3.3939451224689683,0,34.6712580709111,6,6
28.040163540571776,2.582851085636206,0,57.378394946017224,8,9
36.91165127515043,3.0718616152982112,0,32.782107826000626,7,7
24.563695707433826,2.9851224596267394,0,49.05273638845548,5,5
29.66372970627137,2.168961293958393,0,65.69985269451759,6,4
33.373993172197366,2.0394060453597116,0,55.56483422267326,5,4
28.006902804433,2.242985595453435,0,78.4449582650655,8,6
31.235070579211257,2.102201420477662,0,54.33540528683005,4,4
21.791785005728045,2.0487185392937484,0,41.85789297035541,8,7
34.12012304940015,2.17867381960132,0,49.4176186874909,9,9
29.397740980476172,3.1388650077791675,0,56.97450836853213,5,4
34.678329979769146,2.050672938512551,0,83.23852615937781,4,4
36.0497167830253,2.206139064997042,0,34.133754299065586,7,4
20.805392421131316,2.7250326530516222,0,67.73347820726984,7,5
33.0182358247313,2.5211628900882017,0,62.58168855725646,6,7
21.257122868877733,3.450752247609002,0,75.49283285803975,4,4
30.572534232012224,2.4417773798950844,0,72.53776029723993,4,4
36.66315743963834,2.3202278346155745,0,34.9926595377395,9,4
27.846606144574757,3.790948137225082,0,30.986542203678276,5,5
26.55358558642208,2.6415811673171072,0,55.66327020689511,7,8
36.845795608698545,2.485265012788207,0,36.143434330484666,8,8
28.361595955085775,2.3960683309132276,0,69.32431389711641,8,8
21.867906042775477,3.897558167122747,0,64.71977454828382,5,4
20.04952288140823,2.3574957632903484,0,58.59430346626955,8,4
30.70282916143295,2.9010245370264727,0,43.22709153455382,7,7
23.59492440256728,2.0206885570783544,0,82.66802766903217,9,9
31.46763230215531,3.1554733639707235,0,79.9175559368362,6,4
27.74957475201677,2.2387969980381497,0,66.8940684023645,9,6
21.36323520048359,4.872269587522952,0,79.67743107020513,4,4
31.35103218134772,3.824960488095826,0,66.99851602370687,4,4
28.39602163328177,2.2466034942604676,0,61.87456366988624,7,8
27.674495371438717,2.859436295342139,0,78.24607964003474,6,4
21.09358384855301,2.7262945584221527,0,86.53709362592816,4,4
29.036427560104215,2.5526658614737885,0,72.69267119999944,5,5
23.046724007549372,2.0366140483261344,0,65.55233512301737,6,6
24.426652687699132,2.1864477683596237,0,43.5808653448941,8,4
26.80117084575576,2.79832717954445,0,66.46080357378176,6,7
20.43173847137113,2.1117847030926455,0,43.35980647495211,10,5
33.521528464482984,2.8202793011869405,0,86.38644292071544,5,6
20.211796660776184,2.3313688491350586,0,36.58385737732812,8,8
25.13746993526699,3.597191249215898,0,69.47222673956409,6,4
30.820788383602572,2.5879197875171274,0,37.996279812870014,5,6
29.094648934641157,2.0398563396109637,0,88.83241100442893,10,8
27.36361291415665,4.572367263070989,0,45.98373201544607,4,4
36.45343096642258,2.128479265022373,0,53.24072979599609,8,8
34.9576196014152,3.4945040775719454,0,54.28450398225038,5,6
27.790104415569278,2.690717911475431,0,56.58377073603546,5,5
30.282820372756746,2.717333805043392,0,56.042434639898325,4,4
30.39652357196256,2.6220113934242772,0,38.39642413534068,8,5
22.94862243585753,2.231093084754311,0,64.28824137963281,8,5
26.45209123546018,3.102689492841221,0,78.7296073523818,4,4
33.84662485370643,2.80524272208188,0,84.75684644052401,5,5
25.34310178863997,5.344335217367812,0,80.39848798877374,4,4
32.01944000880496,2.6919482661296414,0,81.66046814632651,8,6
20.377466644139602,3.602300318986287,0,42.08777338893351,4,5
28.95046271631426,4.142047310647907,0,39.35819345368804,4,4
29.84692385557179,2.4020171959152377,0,71.5666195543431,5,6
34.638425291801845,2.7383887477959266,0,50.52526095516128,4,5
23.2248044688476,2.7725949026511465,0,74.24845901967754,4,5
32.63608996343598,2.1096808815170127,0,38.05339366061435,10,8
33.5847366634241,3.1905374243518,0,86.52251065938637,5,5
31.998026716642173,5.396691283736615,0,86.93183500616146,4,4
33.84624399798716,2.3513655195509755,0,66.27452485152456,6,6
37.191049016044346,3.052737835247634,0,82.57320124834158,7,5
30.7216639770667,2.8273710385021023,0,48.64494889145699,6,7
36.323794437786745,2.1518671114897403,0,85.95221837889227,10,5
23.674713188942935,2.7189486653179875,0,51.98607773659961,6,5
20.074913122362524,2.499458138244898,0,68.40416952001945,7,5
20.05172524918932,2.5452139868338373,0,83.52305349833846,5,5
35.208437436246484,2.2264849569465577,0,42.32382178255664,5,6
29.244620054613172,3.0223576408186537,0,45.472886467238254,6,6
26.135162748664946,2.865179542701965,0,60.20784266504985,6,5
22.368179326390546,2.023787217000572,0,78.86152954782429,6,7
30.93868622933792,2.52048960307089,0,52.42203772837696,8,4
34.67086697834802,4.993063383665754,0,67.22396650428487,4,4
26.55050124782593,4.06122965100644,0,76.9592342404901,5,5
25.866754885024932,2.4084719792082296,0,59.1746607288964,8,8
30.634776728393554,2.176855244536746,0,39.30895785719439,8,9
24.469244974670808,2.853987279377035,0,52.08825247477883,6,5
26.068561650007165,2.998338352590057,0,60.77873903172353,4,5
26.176004275439716,2.31557817429388,0,88.45830708002417,7,5
20.712677785892094,3.2591501091096955,0,82.6565044758041,5,4
29.673998240990407,2.3343441792542965,0,74.87249420334969,9,6
32.397619395561065,3.1629706443037495,0,72.99830146407717,6,5
21.844697127024546,2.924947189894021,0,61.00558589692196,5,6
25.018390269492475,4.19312188020619,0,30.874595810886888,5,4
22.325574638867604,4.228687888439049,0,82.14932463216252,4,4
37.51293180728133,2.069666235970335,0,89.49234797397776,6,5
26.820237944023635,3.1280256028283695,0,65.19829373566668,6,7
27.363154791136957,2.5351159361733635,0,63.625952669350305,4,4
26.286173075059352,2.6684850884398186,0,76.65490951129982,7,5
24.18213165710013,4.253133564706422,0,36.9321995024133,4,4
34.32288880264492,2.077206775866781,0,71.6778996394544,4,4
25.665413503925077,3.132039269820112,0,44.30523662448773,5,6
26.56706281873117,2.8185893915034512,0,37.5715332244151,6,6
22.85005774614764,3.600538297596272,0,36.40468153774157,4,5
30.997201801431732,2.6406416319962673,0,76.1757082227274,8,7
23.218123722238843,2.497584759505841,0,61.26670519287407,4,5
37.043631608295456,3.3157177690376383,0,60.61163254437386,4,4
36.625831826262925,2.7024512700744197,0,57.85630125387555,8,7
31.96938619668675,2.278797112816596,0,43.147456506336795,5,5
31.646921277830373,3.097776788207069,0,60.18128017471692,7,6
36.71862640708329,2.492049669971403,0,49.0983913261427,8,6
35.42233360846599,3.1922458966277847,0,56.47818599135991,5,6
25.784146059875948,2.0507560517539987,0,68.08367629033941,8,8
24.197542644620462,2.670216369682459,0,68.32428472944943,6,6
26.25295227298663,2.1450011444472556,0,31.073729375102616,7,4
37.92000548289519,2.6472384639631366,0,30.973569879963513,7,7
36.81926771068863,2.2347064128366023,0,55.0841821064967,9,6
30.938585746274875,2.344647803500657,0,43.700217163101534,5,5
35.65961857901319,2.3166491036870496,0,66.33565296277087,9,4
35.214087921280665,2.340072337405647,0,45.26333377496276,6,7
20.15981677490258,2.7886031449191098,0,34.28107565950515,6,5
31.25825642985601,2.4772347717407954,0,89.29154354443361,4,4
20.26962284380731,2.6114830489304817,0,62.84058614534463,7,4
31.09720093698691,3.4790705700667304,0,47.31233350193146,6,6
23.63561611044603,2.2231258886195064,0,48.26683226962834,9,8
26.375911621401677,2.0905457960739886,0,70.0532141327854,10,5
32.589937810695275,3.368159640878505,0,74.0496071691939,6,5
29.613448296756033,2.7220320166794574,0,81.4973573259402,7,4
27.10537175327759,2.860353037187675,0,69.81702585819059,6,7
20.00183472861898,2.8164747450468486,0,83.69972974306293,6,7
21.692483069466782,2.059824494798164,0,52.60630231155697,6,7
37.290438532163094,2.383923015242255,0,54.58143764179299,9,8
30.03048935440033,2.062793233616444,0,38.34084574251991,5,4
23.067762050873718,2.3125993106078377,0,79.159366606497,8,5
23.683716612808183,2.0994525611561032,0,54.75253500397384,6,5
29.60744562084168,2.7928676207352083,0,69.9811380221372,6,6
26.010051187959903,2.723498151762365,0,50.07779502808258,6,7
21.5303735944925,3.344663305460614,0,46.03351125664963,4,4
22.67238275483651,2.270006959629712,0,65.39563229842489,5,4
28.50188632204148,2.6041863485140215,0,50.35705197559452,8,9
24.31752596986937,3.0802887844057114,0,86.23446297763695,7,6
22.65473345741754,2.1704966929231797,0,84.32675335861347,4,5
27.81025446755561,2.259570417286273,0,59.3598132008938,7,7
27.4650697505593,2.4904405118454545,0,50.5858910354187,8,5
20.078137631708895,3.1164227453922386,0,53.8725808633547,5,6
32.046096573639986,2.5053154940644387,0,85.32771713814844,7,4
34.626156082599785,3.7809537849667088,0,69.61798319199914,5,4
32.25626406667581,2.3794143717583123,0,55.13508018694836,8,7
29.502961882516622,2.1922347474061783,0,71.06404796322889,9,8
31.417143140187655,2.1619180092040766,0,35.30192132767668,8,5
36.38013086758697,3.295854156536518,0,33.15294081171629,4,5
23.807714049134145,2.1833603073541012,0,80.774433837092,9,6
32.98354631370522,2.4185710668827327,0,49.68843207413468,6,6
31.911351105263194,3.5488031516228427,0,42.202706955908695,5,4
32.24966880100895,2.147796556676938,0,53.442470846540274,10,8
29.583694367701703,2.0896004000929325,0,32.36582195086149,10,7
27.187478023267737,2.6544411892468025,0,57.26731230713223,8,8
25.871147250501984,2.685918115653518,0,30.960451194775853,8,7
32.6802582047832,2.4151543873727643,0,89.66536347898591,6,5
28.372717320641044,3.367329348566644,0,32.43355803398369,5,6
37.36462774457494,2.468767950894299,0,80.09279745566519,7,6
21.084299456776392,2.219999905949536,0,43.68769766228907,9,7
29.644291337202684,2.07571263307657,0,60.22935189423629,9,10
24.84559768547328,3.5016353157686146,0,64.48803186089025,6,7
29.0203620996943,2.0145077757889407,0,73.58139614499669,4,4
36.3278929765323,2.7911838443925467,0,45.45787640573076,6,5
26.215740766856356,2.66730240476717,0,61.17846035996366,5,6
23.61079605560728,3.0207726390536314,0,83.86776691606636,6,4
24.16308481653198,3.0134538942559885,0,37.59780230311578,5,5
37.851116848952735,2.0400429813155108,0,30.113677173511597,4,4
33.025705628525344,2.0082282887660288,0,78.75540145600992,10,6
21.059642503359775,3.1074224144780356,0,36.589577536748976,7,5
34.06152930430581,3.48257455530649,0,48.20135681234418,5,5
26.148738199756917,2.2289566269640164,0,87.43605290818498,7,6
35.41160559287951,2.599600487888405,0,84.30529304360023,8,8
28.276365569509863,2.8113013235112643,0,42.081655738169815,5,6
33.0603288156175,2.0201029835238913,0,44.431348356214215,8,6
31.66242187268795,2.476701746174374,0,69.15587879849508,6,7
27.194274814855547,2.9334259890002112,0,64.69318181622549,7,4
26.796091716610473,2.534175795518027,0,33.39815871380598,7,8
37.38091423834328,3.1762586493089193,0,83.43756498720805,5,4
21.61425616004512,3.0641754548317754,0,54.023111371877015,6,4
26.64093423932308,3.3640344109713816,0,32.928144781963354,6,7
24.800819443027272,2.7084073658078056,0,47.257865319848605,7,4
20.55675693045626,2.0902713010162444,0,46.950146762525804,4,5
30.896723712765734,3.2804682972568457,0,35.188964768321114,4,5
32.275819580896815,2.25335080352053,0,80.22595698439801,7,5
34.32651087380028,3.5517180158231803,0,83.5120985191213,6,5
29.268497090514852,2.2895550606124235,0,56.94633539300103,9,5
28.45952853481525,3.481686105272421,0,85.81817364488451,5,5
37.659173547661766,2.416754110794571,0,65.65515144123984,5,5
32.05608529635753,2.04297456349842,0,63.194366039117604,8,5
28.820440976641837,2.705480102638065,0,48.81801543042539,5,6
31.595888422377158,3.2060658739881864,0,76.3303560136118,4,5
27.50631182538809,2.368275078723431,0,39.32241034080737,9,8
21.05325120180716,5.393778929902018,0,63.32832432312715,4,4
35.2558850031661,2.564374782522712,0,76.58167028668362,7,7
29.40948167088733,2.9292586368436986,0,73.81352757455484,7,4
24.41702374190576,2.286812871525345,0,32.2728175283055,9,5
24.00296001781684,2.4979144137365137,0,36.911649706683505,8,7
21.70586346314024,2.823806555509942,0,74.4023059890554,6,7
34.749952363205736,2.5922929740496503,0,66.24241487929683,6,4
36.83586448520171,3.586543143702938,0,81.38470262214828,6,4
34.430943466592,2.52397680997445,0,38.05067113735659,4,5
32.85835786305109,2.403903564321165,0,69.409566792709,8,9
37.866713230943404,2.661155799661919,0,61.19812960217591,7,4
29.243809182585878,2.0493039691170716,0,72.16665721852499,8,4
23.633170030996332,2.1682602253322414,0,87.53397645684538,7,4
30.960581412267295,2.3906540987879406,0,48.605980125913334,8,9
28.162998138889606,2.064154573304849,0,80.16928577308495,5,6
33.55444916931325,2.2600128581072707,0,53.9548477511506,9,10
26.647905464196583,2.393379284560856,0,30.534473803456184,9,4
20.370082799684376,2.171102833832187,0,35.08569182289034,10,9
34.740573410053386,2.710593467728732,0,64.92832662854596,5,6
33.891873129664,3.1942590622436278,0,63.81676452703177,5,4
33.53204752224289,2.9045675925518686,0,35.95203667303215,7,5
31.10641629791941,3.9536245857182744,0,36.97426362864058,5,4
31.13650680014213,2.066837553456367,0,50.03716253011717,9,10
33.18574478156138,2.311700674739239,0,50.10792087914669,9,9
21.196345230357608,2.5360604118382137,0,59.31638915913185,8,8
21.147709034949802,3.2959908055483202,0,80.14966398998625,6,6
25.491754570041397,2.0518223574007073,0,88.07501060544091,7,8
36.20013939282881,2.032730979018758,0,58.36848702644407,7,7
20.791420973249757,3.9140936948084457,0,77.1090717512266,5,4
20.423568860113715,3.451004434529148,0,81.13378598088418,6,6
26.07631155793145,2.7435978853642897,0,57.83027438469318,7,8
22.20736489552633,2.8919597842422187,0,56.84204817139916,7,6
34.77067240315887,2.1514900610255236,0,72.68701315157165,8,7
37.81936163272486,2.2462277507057573,0,70.25519732553045,5,5
26.092275073033804,3.5362341398300607,0,33.80552374167061,5,5
24.278273389313526,2.238139456195102,0,42.5899898581683,8,8
24.695082055360253,2.528156456472557,0,39.922808984518156,8,8
20.457240699553342,2.2191692184610936,0,43.7099472153123,6,6
26.942980051043914,2.5259430707897508,0,31.844087829210007,5,4
30.00669041110327,4.405989466150618,0,83.97196196122474,4,4
31.799200353343146,2.0680797277522793,0,77.66167451504172,5,4
21.705644134986485,2.3278424354238134,0,40.398386868177084,9,5
31.47956692715632,2.0910327429497095,0,88.28954311020928,10,9
36.18179805165268,2.081095823249201,0,75.9832956322818,5,6
30.064519110977166,2.135149141734273,0,88.03747246067171,10,10
33.11472161312068,2.340831124178604,0,80.91411435975682,7,8
34.84266339564536,2.075065119004195,0,44.40632820325378,8,6
31.64657516616851,2.036954239584741,0,44.27483891494498,7,6
23.398422543337656,2.3911310708973184,0,51.01440559401824,8,4
23.960126607244185,4.500085238480701,0,42.85936537897955,4,4
28.932686167516874,2.669656843128766,0,60.25971797967121,4,5
34.22371615375813,3.200008504088573,0,37.991339658162396,5,6
29.695949189299185,3.3734607214159946,0,46.669438154370106,5,5
27.84982421868961,2.786575388135339,0,34.980623610281306,6,6
37.85258742423444,3.2533673778773133,0,57.77187127022833,6,6
30.60119062910381,3.285733869852449,0,79.65755205006062,6,7
27.52436938166475,2.0007010472147764,0,68.43253860004577,5,6
36.300320299034276,2.2589153041464787,0,35.40082279758915,5,5
29.941741391893334,4.209979262438351,0,35.25307929531937,5,5
29.065018000623134,2.193181207466574,0,85.29874884562878,4,4
35.07681135747985,2.2390706140873786,0,58.27256326909849,6,4
36.3600906199647,2.0069555357102513,0,71.72962566934822,6,4
32.9950091500328,3.0648259080673617,0,67.2096681352153,7,6
35.55171346189942,2.1041871480729077,0,59.65605169921516,6,4
31.551434113007776,2.435979971351028,0,74.1681650090245,5,6
26.956033825422665,2.146926937408102,0,84.93632716355933,10,6
35.813746311167186,2.6881239442695044,0,78.74712127620145,6,7
26.206157586135784,2.8827459081234417,0,55.26200399815014,7,7
35.65344743615736,3.2260655192795875,0,42.329983077598314,4,5
20.383802488598224,2.7327322541526726,0,66.8181179146429,7,7
27.322757746875798,3.0263914382843518,0,52.455165292435815,6,4
30.726802030690756,2.0319191791005022,0,34.76269433540797,10,10
34.832809902618024,2.936015232702833,0,58.98678985823727,6,4
32.05561966508485,2.849809627811811,0,81.93548904003319,6,6
25.830409248323235,2.1845070271958216,0,73.95156351880377,9,6
37.82139731289071,2.077148266390844,0,79.10900002501066,8,7
25.011275353297687,2.3525875700753343,0,40.47566324632766,7,4
22.142279497014663,3.5460851649750276,0,46.200478593523925,5,6
29.340355045295098,3.0761960625130547,0,86.99667690047477,4,4
31.966225280465462,2.1513310522910754,0,71.0880559573979,8,6
23.84784781937668,3.0011911808307676,0,34.01843417722571,7,8
27.792557921478167,2.3639639698475765,0,35.316110164412144,9,10
21.41745272315107,5.021848275072752,0,77.43090537424945,4,4
23.315209165796407,2.42655705877999,0,33.6519083805302,5,4
35.62523837614351,4.3491648427173475,0,57.30077076086461,4,4
24.65930052257145,3.1807950325421785,0,62.69568572088971,6,4
22.85327885868785,4.560887582486716,0,47.33586314207649,4,4
25.57960146808799,4.1462074912603715,0,81.01504275877676,5,5
21.471218220395947,2.254266019633267,0,70.3032062235295,7,8
33.98486560103818,2.4207834167106026,0,34.714870210121674,5,5
37.527449873357,2.1212954637988117,0,64.7659555153351,10,4
33.91075349382011,2.097092038063622,0,78.70841418093956,6,4
27.667210982101896,2.390203163108757,0,76.761829011439,6,4
34.822176482135404,2.4216434415378623,0,55.11765038570135,4,4
31.072634854130758,2.849885812806586,0,47.97837226559045,6,6
36.07017981720496,3.4367532425360237,0,35.44544948995902,6,7
26.583048601124595,2.3398548745748293,0,86.06265489216611,9,7
29.36627487992271,2.25653221115196,0,46.21052481343847,9,9
23.185739053009883,3.4900084431773575,0,58.290071479715934,5,6
25.473446035394495,2.3161212234915123,0,48.557684723785684,6,5
22.951085501938593,2.379287840190393,0,58.781035443361574,9,4
32.339336360652915,2.766945495963362,0,71.60220160140435,4,5
30.522012749275547,2.934539836475267,0,47.08135817338645,7,4
33.499770927501274,2.9003330770122084,0,57.002371894022,6,6
36.51957815759002,2.355646041963169,0,50.28525742023519,9,7
29.121671036857848,2.3017600671969554,0,75.27248131508352,4,4
30.305851494944264,2.284673137882084,0,69.04152660817898,5,6
27.74254093448939,2.108653992657198,0,73.1461007498446,5,4
21.77781429431109,2.0149552576968346,0,45.041519823011214,8,6
25.845913887499794,2.501016465745933,0,51.97688247732992,4,5
29.567025109498637,2.808369517242957,0,89.32014070472101,6,6
23.390478301193774,2.8339902357467164,0,70.31626103515117,7,5
33.70758413507194,2.276387456493589,0,77.38177912285386,4,5
21.496401797996697,2.2688764464779574,0,39.812037411604734,7,8
32.302097695813885,2.996142881375132,0,83.10535595784943,4,4
33.14590640135443,2.61525016267996,0,60.94019032558001,8,7
23.868557680126223,2.311946538670971,0,87.99024277860013,9,9
31.188393663771045,2.846826651364835,0,45.862971508504344,4,4
25.494358781168387,2.0486739280283985,0,81.50117428843983,9,10
26.822267695835116,3.1675339647076415,0,48.82629286589039,4,4
28.27216277143159,2.4594258509176394,0,84.44021618588835,5,4
35.5596353998747,2.1522663333264807,0,31.029379373140728,8,8
27.018073346580206,2.1008142558533116,0,55.56784249491972,8,4
34.00202053712577,3.27217900776671,0,42.34358523093715,6,5
24.149202366146724,2.2424558772151673,0,37.13459119051938,8,4
25.065121955379194,4.059900502192503,0,87.71954473349437,4,4
20.288959179745913,2.0313990038860545,0,71.10148888061053,9,6
32.387292509602,3.7260033819948033,0,70.78534889572902,5,4
33.18848669746332,2.2257196127106336,0,74.86745025555997,7,8
34.29098221987412,2.4438371114823005,0,42.38708911651683,8,8
22.473948308829264,3.1392677249051486,0,33.84718856635946,6,4
35.71011806608091,3.1256627357664764,0,77.47635402144076,6,4
24.927682925486206,2.178661163084933,0,51.5124204832576,5,6
32.54381015103288,4.853573954593449,0,42.049543888083136,4,4
36.11451183046839,2.2932092187767013,0,39.290078306775925,9,8
28.618390781136224,2.606169779175909,0,52.38394236736734,8,6
37.45861648649299,2.6204685820103566,0,48.16749827619407,7,4
24.635917574795513,2.908180398284927,0,76.86078734102617,5,5
29.29386785112142,2.2277278208933518,0,50.63716716271811,8,7
23.853236141697774,2.091808521219813,0,69.17742700870284,6,7
28.578799676549266,2.4906922687917303,0,34.27543732219814,7,8
36.54467505555027,2.8369474740578653,0,83.14307489588512,6,4
23.48806722024184,2.057027087822012,0,70.65143003916246,5,4
25.58479429508244,3.3134080658193126,0,85.14830099871426,6,5
22.86823947740233,2.6980189169523725,0,68.49458927718317,4,5
27.012951656996783,2.2982228582976045,0,67.88614751060555,8,8
35.33039248980817,2.6588958788269137,0,85.50676724576513,4,5
21.98577755916523,4.51546904251928,0,58.064763105379875,4,4
21.179003199139995,2.0150590313682115,0,45.46171036255063,10,10
23.836022315532215,3.5489517895971314,0,78.6824747077327,6,6
26.44393151940821,2.116795833570729,0,39.442780496225566,9,7
25.856828910453533,2.0722084511153773,0,68.98576184733842,6,4
31.284690432101144,3.599833071554822,0,38.951409630895384,6,6
36.16616045567068,2.4288748329069607,0,82.89607046924219,5,5
31.782210702485024,2.033247268993956,0,66.16683443970658,9,4
26.758597498722715,3.8022961054486033,0,44.45965666873839,5,4
34.703245554678105,2.1228297374489395,0,68.34207445026323,5,5
23.701618426735763,2.3721206081629713,0,79.09085846746626,7,7
31.49889010056586,2.2398489389738696,0,74.87712352934426,9,5
35.89465775531892,2.492579014822966,0,85.6430547038307,4,5
26.746664387523964,2.067234276791023,0,60.31554035846845,10,6
21.298760547567877,3.019884343443877,0,54.07387849824077,4,5
37.193386322481224,2.5464689924984647,0,48.895469927374435,4,5
25.061599840917253,2.4619663148917383,0,35.69226634270724,5,5
24.693985257762314,2.04989920391973,0,64.30230557587063,10,8
28.32755267173139,2.9004046020593925,0,68.67641241898288,6,5
25.6032101098104,2.511165828491065,0,62.209795903645706,8,4
35.50007485918879,3.7575205392647155,0,65.71962040138229,5,4
35.64018151204797,2.327215233560889,0,78.49415212696147,9,8
25.98326031485086,2.539896026713671,0,56.69598822810897,5,4
21.386204036763857,2.116000406938448,0,38.13186202669938,5,4
33.64869918557156,2.2982276696158017,0,67.95076614418144,6,4
27.244454137112783,2.055095541291342,0,77.05382750646514,7,6
33.573588827774266,2.3716763103908844,0,65.90467879421976,9,10
37.297132698590374,2.825608527392328,0,50.01982316375219,6,6
36.056773839115415,3.5170362282437266,0,77.1517191981687,4,5
27.713488927771696,2.7366849314162076,0,59.55192477501845,6,4
25.95221047540565,2.9810703650147232,0,34.896623796083986,5,5
27.98097251945773,3.5420567158636382,0,79.2235119730876,5,6
20.631514993611837,3.1170477435104607,0,89.53190496802455,5,5
34.37520834835741,2.392696322293975,0,37.680023158085696,9,5
36.01586503829727,2.0951980032040427,0,54.29583491966149,10,10
20.736472827081133,2.3292471784826994,0,65.04632645358956,6,5
36.22555121143982,2.1347176206934124,0,84.95693398778677,5,4
24.485996990261498,2.1199217004242232,0,58.768228056176255,4,5
35.318426622572744,3.3081772719754223,0,44.35853025175183,6,5
27.115221417649554,2.8148837484395517,0,67.21688462348556,7,5
30.59150880099966,2.5024301517837646,0,47.08995578464341,7,5
21.60406655115363,2.8982131104063575,0,44.263703709771534,4,4
28.302549133519562,4.48835829516093,0,61.64002175796284,4,4
25.353378028180785,2.228172822406539,0,75.745546950325,9,4
29.83442743946531,2.8588294860987213,0,53.227537045909855,6,5
33.10055037653126,2.071415121253621,0,52.24433202396992,10,4
29.184697229357397,2.306383422705539,0,34.990671937842,9,9
22.783627654006523,2.579969945699885,0,86.40978571826422,5,5
34.06864302278553,2.468454187195983,0,75.8993398062604,4,5
26.23661582729881,2.932158442576569,0,87.45563350153368,5,4
33.515540920578204,2.3466720865542983,0,79.3123515518656,8,5
29.060376899320396,2.834368012297954,0,52.56614273045339,7,8
31.33004878394003,2.6827698030079423,0,64.31127633728615,8,6
20.5345199803554,2.2656492154136174,0,86.15924597591416,7,6
32.76972365994411,2.5361247265083398,0,35.1009928412626,7,8
21.469969246929143,2.2616971869793563,0,61.7633266593388,5,5
26.53086736969597,2.52334920105128,0,40.09978156129889,7,6
22.58090932614069,2.023864805034438,0,72.15320615857348,5,6
36.36736065599671,2.1506778215286046,0,61.81839599942511,5,5
24.420140124601264,3.4939126673361827,0,53.84867388905868,5,5
24.971137093162476,3.6775167367315094,1,77.98320607267519,4,4
21.425209150724594,2.566848615057159,1,71.6567340880508,5,6
28.50671760553338,3.399400817733082,1,89.78431417966117,5,4
23.80936107908164,2.5934406930026164,1,53.66010016920623,4,4
37.261338328064326,2.941867156978194,1,67.05058749480968,4,5
26.609438893244203,2.3108310886645103,1,69.1262711714597,6,5
20.22133410763071,2.840199709643739,1,75.62808240455031,5,6
25.276571143238595,2.1543669071647757,1,86.44237334144913,9,6
21.57509115129447,3.88442423824666,1,84.22388258017199,5,4
37.34430359644012,2.172201178382896,1,78.13606114830293,8,7
27.463448033474762,2.6930204835177034,1,73.48929123722962,5,5
26.76916854977101,2.806895856942344,1,56.62097794541357,4,4
29.648836544778188,2.828379811560028,1,88.6993227251696,5,4
33.42813745469378,2.084195718954007,1,79.36993850747902,8,7
21.794784851774956,2.3791741769666266,1,68.38334424236984,5,6
23.31597365620473,2.5514905124837264,1,85.78872782224875,7,4
21.88316815460885,2.2478701126484664,1,89.58293386508923,7,4
35.93152339322586,3.437468279137499,1,86.97201974145236,4,5
23.91371187217929,3.3084902954618514,1,78.65911447507577,5,5
31.475288259465117,3.698466271603984,1,86.72425589647176,5,5
35.551741124109874,2.710617990119366,1,84.96467448361747,6,7
32.860012121947975,2.2971977146344966,1,61.39829998874898,4,5
37.0879319889567,2.391283173182493,1,83.8265958747737,8,8
30.31280215761265,2.2655053736565884,1,84.7849075213064,5,4
34.84249565537359,2.0187551559473826,1,89.0906300995419,9,8
35.35604565767722,2.2348422426443375,1,61.78619118235653,5,4
27.173965376094213,2.704158876063284,1,64.85122028428512,5,4
25.27791524408867,2.30060202791795,1,64.57625000945325,5,4
36.09123411216271,2.4779710485558275,1,75.02530465414759,6,6
23.8674741437561,2.2437669304991394,1,88.33288680344492,8,5
33.05296666032614,2.168209772338297,1,88.67929908153388,7,5
27.10467216539919,2.2341934520438085,1,86.10884292396105,6,6
34.17391217095794,3.756506250465332,1,72.42172484278966,4,4
33.54818253493606,2.059165598591834,1,81.41449301241553,9,7
36.81063588043831,2.4839016449659903,1,75.41508037021654,5,6
21.929721990228277,2.093063271476827,1,76.40056657981614,8,4
24.955362290492857,2.3672808634601132,1,86.42186243311025,7,7
36.4295070107015,2.510577986976642,1,88.63166906619634,7,4
34.6056439308986,2.6670179885787464,1,66.53662862371445,5,4
33.01645210396322,2.267048298814104,1,87.7585933907207,9,10
23.615132094394163,2.567900154899066,1,72.67372780386948,6,7
24.46873101365688,3.9899072044263826,1,81.00526127833726,4,4
33.338525830106555,2.0590046063418947,1,65.5286196284137,4,4
20.164984416428148,2.1507008194793906,1,88.59368066729738,8,6
36.2518447894184,2.5100583580979974,1,80.47866390980303,5,6
25.841354689837537,2.9248532756368153,1,82.37687784895556,4,4
36.12635193124315,3.366658610072471,1,81.29507850896721,5,5
35.66758944864952,3.281145404471585,1,86.9013667935163,6,7
20.988965248727418,2.022335646168565,1,87.63241118153009,10,4
29.11696745605216,3.5083310298453045,1,81.69936625207293,5,6
33.59274249578694,2.5027955692240154,1,85.54946391274044,5,6
33.98239077749936,2.1486459813072654,1,85.71274522292433,4,5
24.402039492881894,2.1058979277870766,1,72.50006726824448,4,5
24.316669935060258,2.3995918202367217,1,60.199494958353874,5,5
36.39431870775405,2.1692164108556926,1,82.26312693683272,5,5
31.36041564343318,2.0062929688099405,1,78.92640968173589,7,4
26.836268066859084,2.8923696847538363,1,86.56173614487116,5,6
35.016697560114196,2.0876893074406,1,67.23843973956356,6,7
29.334225425722664,2.119972941980034,1,76.05030650298369,4,5
33.839564031068136,2.04859376411757,1,73.66640441866664,6,5
20.63945950699592,3.136695033431687,1,80.53062943457726,4,4
34.56940113328426,3.0558509153202236,1,80.1112693553296,5,6
35.43630780201179,2.4131685679399624,1,79.23110103423431,6,4
31.505029341478973,2.115586279253861,1,69.98364467246431,6,7
27.853745114904992,2.0331937241493563,1,83.4987729095055,6,7
24.04033102508955,2.9894988331240913,1,80.55609043242265,5,6
29.865003339350167,2.923159758575141,1,88.79416803495684,6,6
26.312165258472433,2.2200042979235985,1,81.16462127464195,5,4
23.79696098515566,3.2975823174817065,1,89.88798264003476,4,5
24.958263821510208,2.395726171897187,1,51.56282994375238,4,4
32.28497638106849,2.0256924822953706,1,74.62303625982607,8,7
30.536885753639766,2.1626814596591943,1,73.09120045086138,4,4
32.37540550018777,2.0937432602639867,1,78.61643757675105,7,4
20.43211664986846,2.3720503433628237,1,68.32626521027859,6,7
32.73361818785201,2.099634948107589,1,61.25674407195524,5,4
29.789249224945177,2.0409622447035662,1,80.63485985155114,9,9
33.83586429505477,2.106740680900893,1,75.9328676476662,5,6
36.831943831846814,2.8653569511674792,1,80.8820387371376,6,4
34.86321809871415,2.423719999719197,1,84.95860238421089,7,4
34.38392276248614,3.633513479922991,1,82.81762832318348,5,6
27.60230737111885,2.121059685660544,1,83.81706240536661,6,6
31.838449581036226,2.054912130579194,1,74.77969661938982,8,8
36.34757607693616,2.8215877693015825,1,85.30178007617201,6,4
22.47587401012322,3.2503211931955764,1,85.88470341593587,5,4
22.729584316556192,2.5084174350105375,1,71.07614753453737,6,4
25.90302351689061,3.064101138279347,1,80.76399274100925,4,5
33.32944527963167,2.5156094703698804,1,74.10447411901941,6,4
28.24825190396573,2.3142449811041907,1,52.05439775825704,4,4
33.821427153646056,2.321585449155945,1,55.884349383812264,4,4
31.179059171429284,2.6025883708150364,1,88.48834575390592,6,4
32.71383799383096,2.2655989591437287,1,68.80467580763008,6,5
24.676686060868196,3.983295097382541,1,82.74965788273964,4,4
24.080289373012604,3.656840915572278,1,86.47669012605374,4,5
25.930661336537295,2.123425424059068,1,78.0934459577783,8,4
30.05994667212604,2.781609253681215,1,88.62691330319268,6,6
25.78887169740272,4.431858074175078,1,89.17707389280383,4,4
35.99841581309845,2.8430090518589175,1,70.13363142006769,5,5
24.437197545101377,2.9351718006939476,1,79.80005666705385,6,7
27.80338422171323,2.0080277929174764,1,82.28871601663344,5,6
23.35449371208045,2.063252027415475,1,89.18964501682287,4,4
31.2909282162073,2.8159475348684317,1,59.68104315580079,4,4
35.25556258928887,2.1825276256086723,1,85.33434775237652,8,5
20.516632773624067,2.1972918074530043,1,84.3567816815767,7,4
22.776582793101433,2.316722396911134,1,76.31019003488083,6,6
35.575030672249405,2.610019724015996,1,79.14724387808127,6,7
37.853619446934374,2.907355839023558,1,60.36356563891918,4,4
37.49238214266817,2.3293679109910443,1,83.18058758687654,8,8
23.317970836451227,3.0658293616057635,1,77.15989194963365,5,4
23.70658225718073,2.1169510986427906,1,71.88087392995601,5,4
36.00499204293402,2.370189510408286,1,88.99666395351232,6,5
33.610425489025424,2.3805607068687227,1,76.33553210926505,5,5
27.387568308596343,2.732942159456245,1,80.00234549901847,4,5
34.90340997950198,2.4924516627834525,1,80.77663006330599,6,7
36.29616020524635,2.6239893861462056,1,81.80787087295417,7,6
27.25622525561442,2.5438348890098013,1,76.23318676938385,6,4
35.38728142790964,2.2479211366531886,1,83.53265347738258,6,7
28.18695011771314,2.5808678651811094,1,83.61809803735656,5,4
36.12991778650015,2.2170972715201573,1,88.28901902160355,7,6
21.779027077933453,2.3325672408315747,1,78.4092819368872,7,4
37.36884522009426,3.841330040599826,1,72.58250327775274,4,4
33.0308007934495,3.029254018209895,1,88.6508258280281,6,6
32.480442552502,2.149642154626842,1,66.9565259176326,6,7
23.697410901134152,4.200152260177137,1,88.264012295236,5,5
31.70784473114289,3.0143744266356975,1,71.89159094634982,5,5
26.58858730241483,3.1676540692260957,1,87.53396174888731,6,4
31.637348404106014,2.0013591816868503,1,84.9665183230647,6,5
37.451625288014235,2.9846173303163095,1,89.82701367306106,6,4
21.54806426788951,3.620293782736689,1,88.23660504591592,4,5
20.61318385372291,4.8997368169589555,1,85.2124157624433,4,4
29.451882055453797,2.2335123177754705,1,85.24916716668616,4,4
22.463429985905393,2.944128882601997,1,84.0126029566025,6,6
28.20094497545681,2.357282332404206,1,59.54056198422113,5,6
22.43340237464026,2.9224386485000995,1,85.58823081890917,4,4
29.07672666572134,2.2527001165621705,1,71.1609598851984,6,5
37.98928423776499,2.5263681105971285,1,75.11132397438732,5,6
33.174581936195466,2.8788069334448343,1,68.87596688157882,4,5
23.90258288363306,2.1997141922062724,1,87.98784796571194,7,5
20.15299025748174,3.0677504661851875,1,73.09759180682511,5,5
21.49726731392508,2.311828201187293,1,86.37893057179161,8,4
26.841132899433696,2.115557375543236,1,61.077889823009144,5,5
25.335378853234474,2.130408794200192,1,76.30760923855216,7,5
35.31803211953606,2.271946655000211,1,69.85635326493733,6,6
29.21078502073039,2.0681369652099866,1,69.00119833343425,4,4
37.432924373216984,2.188872184236235,1,66.54386648603284,6,5
20.99650882208926,2.3216303699267473,1,89.74726734250295,8,8
34.79290302703628,2.168757004295125,1,84.84265963814666,6,4
23.312326277156107,2.0453499078140642,1,73.76847094693466,4,5
36.77573832858371,2.186819687997851,1,67.73627154765282,5,4
20.32511545089059,2.1432798963027704,1,89.16647170104687,6,4
29.919854090279145,3.2113357535388767,1,87.71503437126995,6,7
34.80746229034281,3.2607789110766143,1,70.5113026577296,4,5
22.836863392924094,2.081330888533321,1,82.71406977380352,9,10
31.354751146926205,2.6101082951993106,1,74.83975088591383,5,5
37.28959774643735,2.268619219817662,1,74.52480053591579,4,5
21.050587540707365,2.7916935389404642,1,83.67685190131638,4,5
33.447367382875456,2.9425004861530404,1,64.670053009671,4,5
25.328374029189067,2.0336801997628093,1,79.08142054281373,8,4
27.146968932962864,2.4093466612470706,1,77.82194945295535,7,5
33.66732835280709,2.0889676912778627,1,78.99886120252857,4,5
34.46402275690592,2.4841983207046563,1,87.63821016949245,7,5
27.668847051861505,2.2098045041602865,1,51.23383451193463,4,5
36.742325069924355,2.66083421706169,1,72.80573287175457,4,5
29.054042654911413,2.7182313385180246,1,80.5400820093856,6,7
24.5395550165533,2.156361265771498,1,89.57543475519967,4,5
30.35725023773296,2.082714574348572,1,64.95985846050738,6,6
23.617017730755943,2.2257603763796054,1,78.37524828800315,7,6
20.860244742074016,2.8150328600750525,1,86.98986871445993,5,6
20.15565754305781,3.4028605782612362,1,85.28098975721798,4,5
20.56290001370494,2.62584665868224,1,77.29310501139705,6,7
25.652977250074063,3.196819334036591,1,84.33711743831391,4,4
33.06434422082653,2.4376509539866182,1,80.56414898188793,6,6
25.07274111304147,2.72684317463931,1,80.68816838233585,5,5
29.021380311454088,2.001881154508409,1,84.48495351832139,9,5
35.95584051343792,3.3788767246178333,1,83.51527784491698,4,5
34.62164068787959,2.6689108744560888,1,83.33041976150018,6,5
20.506295794969756,2.2343042943367446,1,86.86279002713064,5,6
24.157361943437785,2.8848655942094696,1,68.51073372194806,4,4
20.22723098145111,2.6103844151535016,1,84.08150354758006,6,5
26.73446959955362,4.003268666557402,1,79.61240933390926,4,4
30.34828225537546,2.19498316431381,1,56.54713962421967,5,6
20.348458956457023,2.3715196781354084,1,89.73938939673923,6,4
21.24077356182893,2.4392947464492054,1,80.66511842097722,7,7
37.03066723570656,4.379655000037946,1,78.99324723837162,4,4
37.35728709818791,2.1454181950524736,1,67.2653675067948,5,4
28.512325594052022,3.4323866708034974,1,86.88356554930837,6,5
22.528580658345817,2.7282466822346807,1,75.85541478481042,6,4
20.921117559998525,3.155091987100155,1,78.80935934458569,4,5
30.61766121310177,2.4152669624480625,1,72.79554116189533,6,4
21.597414108570362,3.1966388116569604,1,77.57804458987857,5,5
35.62616762431577,2.445605697155794,1,65.82213150876684,5,6
35.355012810889,2.0786576812054567,1,69.3408053701961,6,6
26.78154374283932,2.317493350840919,1,70.84126341592253,6,6
28.93591730244827,2.1810737875018056,1,89.5271103688743,5,5
21.075859294635002,2.066856971083406,1,72.14504667606674,6,7
23.95053875546666,2.4261678852970783,1,61.25519339482146,5,4
36.440559297849475,2.033792705459166,1,88.11380956767948,9,5
30.966863034603517,2.054502993920469,1,87.66357504384737,10,7
31.769723228285287,3.146195864575607,1,74.75643437252008,5,5
31.71711765915024,4.199577204706785,1,87.3173898110229,4,4
22.350609871948453,3.514965263403291,1,70.16763445426673,4,5
37.16793509518649,2.5881557349484923,1,80.18770937105779,7,8
24.834775443589105,2.4809771313695332,1,73.42245653538241,6,7
23.811346644082878,2.25141143563436,1,82.9391240259809,5,5
35.73790313879766,2.2281029273896107,1,85.84311401255582,5,5
27.150935527233298,2.0725320646595478,1,87.96309745058487,9,5
30.863289590504948,2.7198759164850985,1,65.84424851889258,5,4
27.67858125104764,2.244632958216334,1,86.0330000223192,8,5
30.598156241490933,2.433335662658671,1,88.1195754404641,8,6
29.595822241622514,3.452126178382101,1,69.70934229401428,4,4
31.22147761999922,2.309536638708143,1,87.2696796110481,8,7
33.55430780965753,2.1079007605962747,1,84.15827695154697,8,6
26.41333352383732,2.182217082892898,1,82.3395571382733,7,5
24.31938747975923,2.157854158248097,1,77.31976280905545,5,5
31.64473931912104,2.012869048059801,1,59.435534454209076,6,7
20.36518978295671,2.2105194124976313,1,76.82516247175026,5,4
29.74528656331984,2.00690913190688,1,61.41314315041524,6,7
25.908633633361532,2.896787859022196,1,75.05122942832418,5,5
23.2166586047267,2.7250442704736333,1,78.63498231962896,5,6
27.178201505521788,2.8678299220014973,1,57.63736208078205,4,4
25.036133826417245,2.2973378265085764,1,82.83326193947923,7,4
32.498886376792626,2.3297432925081067,1,76.78748001762993,5,5
26.17723919954378,4.000494598490517,1,76.2647522619749,4,4
23.47443162026601,2.2029478520502503,1,59.06105129542564,4,5
21.6900568977699,2.285519039318582,1,72.88570491749343,6,4
21.74251240532037,2.4523276176449147,1,86.46628921200032,8,8
22.23446197897998,3.2192053143531227,1,86.35991413791592,6,7
37.316943152489756,2.293152364752898,1,87.63330677410472,8,6
20.113439152099705,2.5321330195888816,1,84.94667372995885,7,6
25.547772510883032,2.0322730868650702,1,60.98878667280118,5,4
23.58589609762131,3.2566976329426724,1,85.97236247562157,4,4
20.963414710957963,4.343846842797047,1,85.41202026578173,4,4
20.45565405154281,2.0780954340499163,1,60.74275336141529,5,4
21.575691913713683,2.7797955730787813,1,88.52126726344676,7,4
32.042510499740565,3.3294877873028614,1,79.14128397568567,5,6
24.081249519437023,2.6706478781104486,1,70.95331140353949,4,5
23.44079415168981,3.2927032632128586,1,88.92789207241564,6,4
27.7636576299803,3.6372746680129593,1,89.31971693517673,5,6
25.17557704275409,2.0132611349251106,1,70.41238242561963,6,7
33.857125462615045,2.907820750773607,1,84.36472041733423,4,4
21.82648994648623,2.018619732739421,1,89.41182923666504,9,7
26.01216364496478,2.7769663270034384,1,61.4233139643209,4,5
22.618579843165225,2.20709622496544,1,83.99041645841965,7,7
37.4313185824342,2.188106497326409,1,87.24743184993754,6,7
32.80918596826007,2.5208782915967225,1,73.91672978725856,4,4
20.648512851144332,3.3836270472195666,1,78.97685010275376,5,5
25.08834311161901,2.1640630204343076,1,88.6600515077819,8,4
28.82092905014681,2.8193250242001904,1,76.31076812840783,5,5
26.475548101208137,2.3487072986013597,1,86.73444496712206,8,8
34.30254050892524,4.4937361847033035,1,89.67708822732358,4,4
25.35330188731802,3.2982992585012925,1,81.84318664895508,5,6
24.690423282356118,3.1454032516969352,1,73.97723538854743,5,5
22.125303978727267,2.1664506644533863,1,72.47590888447073,7,6
33.18231979703801,2.6470106488728025,1,70.13946399971705,5,4
29.75274834646381,2.790882114191808,1,79.08538875461386,6,7
33.97683275072206,2.3111693090227745,1,89.32306368684038,9,7
22.18855560989324,3.815782609770388,1,87.98637784195103,5,5
30.090627890263555,2.816126328405806,1,89.52468858649726,5,5
34.64044932183705,2.3394454396400723,1,86.81271203263243,6,5
33.339106653226914,2.1745738409233195,1,85.1892786765456,8,7
35.429362601032096,2.4713262847749604,1,78.10270386910526,7,6
29.308230622854992,3.7685816379805592,1,83.95804242360936,4,4
33.23238114695584,4.894088649226967,1,85.47812056710191,4,4
36.20258429906076,2.3450052473794654,1,84.57419195136251,7,8
26.31230497207635,3.243330101310183,1,69.73078773552534,4,4
30.985836577768602,2.134127164612264,1,88.66620416870927,5,6
33.508086643603775,2.893525657788913,1,83.78047855069255,6,7
35.22079556703699,2.810680160598091,1,67.6434453410133,5,4
27.247746741235424,2.3166113653406843,1,72.01454706887904,5,6
36.23174218377941,3.335940860687264,1,80.79630351059129,5,5
24.36619922277017,2.590981140584101,1,78.19188475873888,5,4
35.697894051918084,2.4748127494533945,1,81.93582870397458,6,6
35.25637585109741,2.3376690720422157,1,50.31087399842173,4,5
37.48142865352775,3.1291870682334078,1,84.13961763983136,5,6
37.50328843505348,3.084097604011826,1,64.616027940908,4,4
35.9015044557391,2.6660120110214747,1,63.99908618419516,4,4
23.25700553499834,2.507002647803115,1,67.84862868660588,5,4
31.977521195957316,3.6482032715433945,1,84.07501377251026,4,4
27.391189243184012,2.3625981878245614,1,75.25156695171498,7,8
26.440017755687457,2.0404884749954473,1,86.27024885174268,7,8
29.44688381240696,2.097385643107728,1,87.90459389261545,10,10
32.02700525119244,3.397109480531209,1,84.14591595463227,4,4
27.695901608865483,2.018569812226517,1,85.25159928929372,9,4
25.344272417191835,2.9490747504411248,1,81.40098771365227,6,5
36.58814651601038,2.220474833891956,1,86.48723999009209,9,9
32.84837960457064,2.4008184592164015,1,73.45168731264633,5,4
33.50870581654774,2.1166060559497093,1,65.50391312401902,4,4
32.37918503556779,2.2308763713776654,1,78.69667650666555,7,5
29.985191869715948,2.0249574098691725,1,71.80736224143814,6,4
27.65013462967674,2.14188189210923,1,48.36823732532545,4,4
21.25207154169927,2.4193373885201517,1,71.92360105752306,5,6
24.550728424218327,2.033501353621638,1,83.70712247553271,7,7
30.820514597009065,2.123280974040714,1,83.76380093850486,4,5
26.846942184426805,3.304068768800755,1,80.71824980264103,5,5
23.856627159809698,2.1380748977134894,1,81.52507719338075,7,4
31.28624733912021,2.041754354892749,1,89.8031740257081,6,5
20.80833410724941,2.2783748704111915,1,75.85292049945656,6,7
31.0647145541136,2.9539856841541927,1,86.8482780571242,6,6
36.25906488694385,2.734656796221068,1,89.77992828852355,7,6
34.507871950636584,2.0357075721277527,1,89.90894396097559,10,8
36.33586150949664,3.1541467415501794,1,86.14092226318485,6,7
36.66350660476371,2.402976969944598,1,85.66923246041596,7,7
28.19092766432583,2.023798514659878,1,80.16567563460002,5,4
32.273957291246276,2.1829448522131503,1,76.41979193484744,4,5
22.987768356089564,2.7295715226675874,1,72.03800978234648,5,5
30.694387904032965,2.7985236638796374,1,75.5391396443254,5,4
36.77054838276528,3.3251000639452277,1,70.38477631361474,4,4
25.319833258084934,3.5828571072885604,1,69.62546593415871,4,4
36.7403742885426,3.475292283084503,1,66.96934541000562,4,4
32.856082594335724,2.2183141176828105,1,79.91370415169368,8,8
34.29360667535774,3.5288075781978807,1,88.62862448053038,4,4
21.241739932630804,2.4027618278982703,1,88.15887168760034,8,6
33.7903836206456,3.216903220192842,1,84.34888445937888,4,4
33.404944539847115,2.793479374261734,1,81.53414854541904,5,6
27.713622924331656,3.2097114934490905,1,72.83077134305147,4,4
22.33098738688041,2.6051691317652264,1,84.1185153560985,7,4
25.006174512999813,2.0775472638851746,1,89.50393653614299,10,5
25.809882857577055,3.315233957963583,1,78.20368734176978,5,5
30.903381566832174,3.319251145166545,1,83.65687582303718,4,5
30.124677976741275,2.6755482517264024,1,83.97383165174995,6,5
34.25679712117625,2.0779982508740837,1,86.87348714360678,7,8
36.44662997209018,2.5751890266056097,1,69.29950900624956,5,6
25.241632688343007,2.627200777851106,1,70.29129855682763,5,5
31.11216489078557,2.2075386660597385,1,82.42219324081628,4,4
31.34043254599094,2.1917769662415965,1,88.6280325297389,5,5
37.72027205970929,2.2157668100094132,1,78.1246769536287,6,5
31.483191170150498,2.6556186327872315,1,73.96976636814045,5,4
35.021922026387195,3.6295302335374884,1,86.93749870384934,4,5
32.75025415906626,2.1765744785308248,1,84.74195358457486,7,7
35.10016192024764,2.0182566068326144,1,88.83038071373934,8,4
27.587905344967258,2.103347825822072,1,84.35654503240279,8,5
25.970543478890185,2.208813545639515,1,58.632928632695496,4,4
21.160228043467352,3.0580997093407927,1,85.44905828541314,5,6
33.15403929185141,2.189169124292115,1,72.06270393537338,5,6
37.013162340397386,2.4596998130920755,1,62.71681300021673,5,5
21.608637889924022,2.0783500770648624,1,56.787246103476065,5,5
23.980879640198633,2.063413070199107,1,78.02247491132312,5,4
36.02632069970534,2.4952239015997426,1,82.87144626022571,7,7
32.343574962099595,2.2438820258343757,1,80.09595527642836,5,4
29.512856062114743,4.28399763073042,1,83.51307916332425,4,4
24.26210006294562,2.3276634701146532,1,78.94146261879379,5,5
20.413144851405036,2.1218279886986955,1,79.4201664546196,8,8
32.65582432145616,2.5839107692709633,1,75.73696975819955,6,6
21.734774251765693,2.66323803673834,1,83.41662795027895,7,6
22.13181768844865,2.1763600252134805,1,83.97176696444603,8,7
31.970178087375352,3.0680586181550638,1,68.80351651002506,4,5
33.183317662244455,2.3681794110480854,1,86.0677151890913,8,8
30.16665357571889,2.376966423940599,1,87.56905030961848,7,4
37.612600632712564,2.796307566006519,1,78.51453271630541,4,5
28.305346745883625,3.1925321306026344,1,83.19219894474882,4,4
20.9662441694936,2.0973598882464266,1,83.66109952822897,8,9
30.231092692158313,2.3629771215340303,1,69.3866399272012,6,7
33.17010424455799,3.409696498261659,1,70.53550467693259,4,4
35.41640427991513,3.2387516434619616,1,77.50890454940804,5,4
37.29269590612641,2.8434808083434477,1,70.36073372310396,5,6
23.633102940957293,2.6593455048230714,1,81.62828291708732,5,5
32.71890914668769,3.6044522536353254,1,85.34448515516311,4,4
33.61609305142921,2.466081263864522,1,81.26326019753003,5,6
26.691898649707007,2.4448581490629695,1,87.1272994337527,5,4
37.247013605763854,2.5810977809688116,1,73.55029795552616,6,7
24.161426147850896,2.676322753654257,1,74.31145600149456,5,6
28.948387639661245,2.2596749108881156,1,72.6036660946012,4,4
23.953094230699,2.1314336026923115,1,83.0454607148398,5,5
21.759859721353102,2.8658195916697924,1,76.82533637342443,4,5
23.570537157957222,2.386291268900351,1,81.99943037573897,7,8
25.119929877108824,3.663303677076717,1,88.58357796397964,5,6
34.35581069653399,2.066226645650223,1,79.07549129247315,6,7
24.796658808693856,2.9054704763097874,1,88.9687528165382,7,8
30.988663731125094,2.255098122264656,1,87.47074224591739,8,6
33.9031436109786,2.11227057372551,1,83.85756052585748,7,4
25.563516612885515,3.437465706521447,1,89.65353227359803,4,5
34.40359738360951,2.2357799461904917,1,69.40401994021401,4,4
25.78612667402348,2.0032091401545116,1,81.88563072452567,9,5
33.490943766438136,2.0279810287438846,1,77.19110958215741,8,7
30.150682632858903,2.4875023706824804,1,79.04906638476061,6,4
24.83625340640991,2.164677477628637,1,86.44955879500264,7,8
37.42857517003735,2.2921173821032053,1,79.74775324125059,6,7
32.74561012201809,2.58036121380482,1,77.22228375531886,5,5
22.63143805364094,2.211356626799004,1,68.78266452566876,5,6
23.788982584004874,2.3614620220638676,1,80.3395102132986,7,5
22.742233777132917,2.1024587242180672,1,72.69659805302555,6,4
36.74111679505785,2.780631155636735,1,78.53575464523223,4,4
35.90863397351097,2.0522567389231274,1,87.95718097790346,7,5
23.889029313526052,2.9624851420696947,1,80.97430086631262,6,5
21.263870529764567,2.557458303197868,1,68.77130604101615,4,4
27.74217425691178,2.069328562991637,1,82.88075335988862,6,7
22.0556079627096,2.1185423285155496,1,71.8945604194345,6,5
24.614518276435884,2.084485186706417,1,83.17170440261137,7,5
24.42948997763609,2.329564351901151,1,87.12905960241582,6,6
25.918763661737486,3.058808671394222,1,89.44318511680561,4,4
31.765094537704755,2.2111315033190317,1,73.84878506066494,6,4
22.310656376088538,2.8097692533604137,1,89.52765889165867,7,8
32.42663521834696,3.015553169759905,1,70.20345480526672,5,6
28.33953224570447,2.0012010674529885,1,82.63415590534143,7,5
24.415769845650942,2.2506729830174454,1,67.9544776137542,5,6
30.821628028291343,2.3950559059028755,1,71.05258906994891,5,5
21.811620774510036,3.529359182062766,1,88.45464568016214,5,6
31.092041942011022,3.1031537657171713,1,81.37295240144627,6,7
32.48076880903737,2.2892753273885362,1,79.80437348003423,5,6
37.254970398268924,3.429636647435858,1,85.49759534322794,4,5
32.11701093121317,2.110493210873741,1,88.56808208991669,7,8
31.023675172330357,2.9938458908153605,1,87.02010892321036,4,4
32.31005328081184,2.458188802546139,1,81.95019172420439,7,5
28.239959415269944,2.8551054470624697,1,75.59295482212565,4,5
29.84972012604746,2.6766865658543204,1,89.85583394805914,7,4
24.097784314527242,3.2485169493729087,1,63.27352718198428,4,5
33.30491221644754,2.6604229506607795,1,64.24258549877732,5,6
23.95109274944013,4.627237123359906,1,85.75313410732306,4,4
23.404369626260088,4.747990100583062,1,84.29448087673282,4,4
26.97988959437223,2.7766405933509746,1,71.65419177668177,5,5
26.034252151197176,2.46444472247161,1,75.99825612770263,5,6
33.35451048870118,2.1980396955634007,1,87.14002800344376,9,4
20.236944748365335,2.427145121571962,1,71.4759055003098,4,5
35.569685903528644,2.8542181161517597,1,88.02425983119846,7,4
37.78786380634804,3.1617276569988526,1,86.94504985734127,5,4
30.247242219813216,3.320736803702781,1,75.8346555217843,5,5
36.01365438630325,2.310537563507121,1,77.45426108762541,5,6
34.59148481192116,2.237977316461323,1,58.60534174377035,5,6
23.488546647946293,3.281811616291491,1,64.47631619047682,4,5
36.190768756672256,2.3345891195635335,1,84.268313500533,5,5
35.91102097952897,2.1763765188178748,1,86.27531277334538,7,8
27.285812046896567,2.0151599341400153,1,88.21161114314788,10,8
30.39370186563778,2.2213006906981927,1,72.19203823569455,7,7
25.738413555325167,2.324988343064364,1,67.5971064403362,6,7
24.246262380720104,2.0406884059762533,1,89.23292984490834,10,10
30.629891561387957,2.698562552577117,1,82.75742058295484,7,8
28.40617578459478,3.380870290217485,1,81.70174541548641,5,5
34.45718103441954,2.5229379904463314,1,69.941217726835,5,6
33.795694743021656,2.410745796552351,1,89.97355226870314,8,8
25.321779827792668,2.0234392472519627,1,73.79560257279435,8,6
36.73350076939049,3.5021437488435456,1,78.46149754098863,4,5
28.45674815621399,2.5512646595448354,1,80.84112413664594,7,4
24.225733922460556,2.331470294201223,1,89.79385575709455,7,7
29.50963132365562,2.0603081669458363,1,75.54160697150638,4,5
24.859140575019982,2.3207490759684055,1,81.58423862879685,8,6
37.65679622236536,2.2587817320408408,1,80.57304231714329,8,9
21.03471772607254,2.9089022267260796,1,88.17607537859283,7,8
24.0221564354527,2.403571774007415,1,67.30285757810293,4,5
32.79103731541206,2.1696224386378806,1,89.4608830178673,7,6
33.08693620830936,2.376272546745808,1,78.62249280316067,6,6
24.788458261009673,3.2483584650560657,1,76.4241429801469,4,4
36.233088925861175,2.7715087943339434,1,74.09326576033428,5,4
21.007214748900765,4.122377843658821,1,81.60780025300039,4,4
24.459785979102755,2.216797222584457,1,77.39567828273107,7,4
30.05611951118106,2.1872143049559023,1,56.4468959962064,5,6
22.45987237376176,2.063296037585639,1,70.33535791305874,6,6
37.90384974502027,2.1135558829854015,1,83.24827367007958,4,4
21.277532538800294,2.1660591655429573,1,78.9072961977464,8,6
28.07629712972785,3.434787022057054,1,77.86015448689905,5,4
20.443207891831474,2.474773387006096,1,60.9903964810742,4,5
27.87593273364464,2.1936313148130955,1,85.4509013525862,4,4
37.92342099952714,2.8018596022787796,1,89.69280204646984,5,6
33.16991262449373,2.097137002320447,1,62.475599379988644,5,5
26.61297736357402,2.0405107594679146,1,76.59469395547418,5,4
23.805741081611153,2.7400130819077124,1,74.42620094983754,6,5
20.64566137618453,3.863711136766618,1,72.90246700927486,4,4
22.077216633266573,2.9938776042813884,1,87.91056074016522,4,5
34.94914190981021,3.717536750975566,1,85.42289479228023,5,5
28.300621436865743,3.973362619955137,1,88.84668054580222,4,4
35.135978134969875,2.089633220866772,1,87.69256668567516,10,10
30.21813273038426,2.2286615080512533,1,56.63443626866109,4,4
21.78654758396952,2.015228705290632,1,72.9686120284871,5,5
22.72484368246607,2.150886833689782,1,63.84832341564171,6,5
29.171536879792086,2.5859592582305906,1,71.31342306259234,5,6
32.092171275802855,2.3620173592870843,1,81.24576953057944,7,5
35.58527661863147,2.0120813034102993,1,68.94840777510144,6,4
35.537182709739454,2.793211442487073,1,76.51645275398403,5,6
27.27887825630232,2.271123821452382,1,86.61310325430668,7,7
34.38121600402675,2.2175336953438496,1,86.22585457491543,7,5
20.12974578348543,2.657567694298712,1,83.55639333354392,6,7
30.84531423401144,2.4292377840151196,1,76.84690536510668,5,6
32.99324968364316,2.8230741329713687,1,87.54710035478433,4,4
28.651224220831367,4.972582043857579,1,88.3844184954859,4,4
25.567958347593535,2.49418828766719,1,78.2441933599433,6,4
28.189596875656417,3.1275137041148695,1,74.71828240786566,4,5
28.045925964974735,2.0989241730755097,1,48.87261865833395,4,4
23.166521374841018,2.1402332851689465,1,71.92841636558019,4,4
